-- --------------------------------------------------------
-- Host:                         127.0.0.1
-- Versión del servidor:         5.7.24 - MySQL Community Server (GPL)
-- SO del servidor:              Win64
-- HeidiSQL Versión:             10.2.0.5599
-- --------------------------------------------------------

/*!40101 SET @OLD_CHARACTER_SET_CLIENT=@@CHARACTER_SET_CLIENT */;
/*!40101 SET NAMES utf8 */;
/*!50503 SET NAMES utf8mb4 */;
/*!40014 SET @OLD_FOREIGN_KEY_CHECKS=@@FOREIGN_KEY_CHECKS, FOREIGN_KEY_CHECKS=0 */;
/*!40101 SET @OLD_SQL_MODE=@@SQL_MODE, SQL_MODE='NO_AUTO_VALUE_ON_ZERO' */;


-- Volcando estructura de base de datos para aluminiobd
CREATE DATABASE IF NOT EXISTS `aluminiobd` /*!40100 DEFAULT CHARACTER SET utf8 COLLATE utf8_spanish_ci */;
USE `aluminiobd`;

-- Volcando estructura para tabla aluminiobd.calculadoras
CREATE TABLE IF NOT EXISTS `calculadoras` (
  `id` bigint(20) unsigned NOT NULL AUTO_INCREMENT,
  `numero1` double(12,4) DEFAULT NULL,
  `numero2` double(12,4) DEFAULT NULL,
  `resultado` varchar(50) COLLATE utf8mb4_unicode_ci DEFAULT NULL,
  `hoja_calculo_id` bigint(20) unsigned NOT NULL,
  `user_id` bigint(20) unsigned DEFAULT NULL,
  `deleted_at` timestamp NULL DEFAULT NULL,
  `created_at` timestamp NULL DEFAULT NULL,
  `updated_at` timestamp NULL DEFAULT NULL,
  PRIMARY KEY (`id`),
  KEY `user_id` (`user_id`),
  KEY `hoja_calculo` (`hoja_calculo_id`),
  CONSTRAINT `FK_calculadoras_calculadoras` FOREIGN KEY (`hoja_calculo_id`) REFERENCES `hoja_calculos` (`id`) ON DELETE CASCADE,
  CONSTRAINT `FK_calculadoras_users` FOREIGN KEY (`user_id`) REFERENCES `users` (`id`) ON DELETE CASCADE
) ENGINE=InnoDB AUTO_INCREMENT=380 DEFAULT CHARSET=utf8mb4 COLLATE=utf8mb4_unicode_ci;

-- Volcando datos para la tabla aluminiobd.calculadoras: ~182 rows (aproximadamente)
/*!40000 ALTER TABLE `calculadoras` DISABLE KEYS */;
INSERT INTO `calculadoras` (`id`, `numero1`, `numero2`, `resultado`, `hoja_calculo_id`, `user_id`, `deleted_at`, `created_at`, `updated_at`) VALUES
	(192, 0.8000, 0.1500, '0.12', 49, 55, NULL, '2021-07-26 02:12:13', '2021-07-26 02:12:13'),
	(193, 1.1000, 0.8000, '0.88', 49, 55, NULL, '2021-07-26 02:13:04', '2021-07-26 02:13:04'),
	(194, 3.8500, 2.1200, '8.16', 49, 55, NULL, '2021-07-26 02:13:33', '2021-07-26 02:13:33'),
	(195, 6.8000, 2.9000, '19.72', 49, 55, NULL, '2021-07-26 02:14:10', '2021-07-26 02:14:10'),
	(196, 4.5000, 1.5000, '6.75', 50, 55, NULL, '2021-07-26 16:12:37', '2021-07-26 16:12:37'),
	(197, 1.5620, 1.2690, '1.98', 52, 59, NULL, '2021-07-26 19:38:49', '2021-07-26 19:38:49'),
	(198, 1.4560, 1.3690, '1.99', 52, 59, NULL, '2021-07-26 19:39:15', '2021-07-26 19:39:15'),
	(199, 1.3000, 1.6200, '2.11', 54, 68, NULL, '2021-07-27 02:08:47', '2021-07-27 02:08:47'),
	(200, 1.5000, 1.8000, '2.70', 54, 68, NULL, '2021-07-27 02:09:38', '2021-07-27 02:09:38'),
	(202, 1.6300, 1.8500, '3.02', 55, 68, NULL, '2021-07-27 02:15:55', '2021-07-27 02:15:55'),
	(203, 2.5000, 3.5000, '8.75', 55, 68, NULL, '2021-07-27 02:16:49', '2021-07-27 02:16:49'),
	(204, 3.0000, 1.5000, '4.50', 51, 55, NULL, '2021-07-27 13:50:41', '2021-07-27 13:50:41'),
	(205, 6.5000, 2.6000, '16.90', 56, 55, NULL, '2021-07-27 13:52:25', '2021-07-27 13:52:25'),
	(206, 1.5600, 2.3000, '3.59', 57, 59, NULL, '2021-07-27 13:53:24', '2021-07-27 13:53:24'),
	(207, 2.1600, 3.5000, '7.56', 57, 59, NULL, '2021-07-27 13:54:22', '2021-07-27 13:54:22'),
	(208, 0.7500, 0.7000, '0.52', 58, 76, NULL, '2021-07-27 20:47:47', '2021-07-27 20:47:47'),
	(209, 0.7500, 0.7000, '0.52', 58, 76, NULL, '2021-07-27 20:48:28', '2021-07-27 20:48:28'),
	(210, 1.6900, 1.8500, '3.13', 59, 68, NULL, '2021-07-28 01:17:23', '2021-07-28 01:17:23'),
	(211, 1.6600, 1.9900, '3.30', 59, 68, NULL, '2021-07-28 02:34:01', '2021-07-28 02:34:01'),
	(213, 1.5000, 1.9600, '2.94', 61, 68, NULL, '2021-07-28 11:20:14', '2021-07-28 11:20:14'),
	(214, 1.5000, 2.5000, '3.75', 62, 55, NULL, '2021-07-28 14:47:49', '2021-07-28 14:47:49'),
	(215, 2.0000, 1.5000, '3.00', 63, 55, NULL, '2021-07-28 14:59:00', '2021-07-28 14:59:00'),
	(216, 1.5000, 2.2000, '3.30', 64, 55, NULL, '2021-07-28 15:28:22', '2021-07-28 15:28:22'),
	(217, 1.2000, 1.5000, '1.80', 67, 59, NULL, '2021-07-28 16:17:26', '2021-07-28 16:17:26'),
	(218, 1.5000, 1.5000, '2.25', 67, 59, NULL, '2021-07-28 16:17:51', '2021-07-28 16:17:51'),
	(219, 1.5680, 1.5000, '2.35', 69, 87, NULL, '2021-07-28 19:39:16', '2021-07-28 19:39:16'),
	(220, 1.5680, 1.5000, '2.35', 68, 59, NULL, '2021-07-28 19:39:19', '2021-07-28 19:39:19'),
	(221, 1.5260, 0.5600, '0.85', 68, 59, NULL, '2021-07-28 19:40:13', '2021-07-28 19:40:13'),
	(222, 1.5570, 1.4000, '2.18', 69, 87, NULL, '2021-07-28 19:40:20', '2021-07-28 19:40:20'),
	(223, 1.5640, 1.2500, '1.96', 68, 59, NULL, '2021-07-28 19:40:35', '2021-07-28 19:40:35'),
	(224, 0.9600, 0.9900, '0.95', 68, 59, NULL, '2021-07-28 19:40:50', '2021-07-28 19:40:50'),
	(225, 1.5550, 1.3000, '2.02', 69, 87, NULL, '2021-07-28 19:40:51', '2021-07-28 19:40:51'),
	(226, 1.4440, 1.2000, '1.73', 69, 87, NULL, '2021-07-28 19:41:13', '2021-07-28 19:41:13'),
	(228, 1.5680, 1.3000, '2.04', 71, 87, NULL, '2021-07-29 12:20:14', '2021-07-29 12:20:14'),
	(229, 1.5680, 1.3000, '2.04', 71, 87, NULL, '2021-07-29 12:23:04', '2021-07-29 12:23:04'),
	(230, 1679.0000, 158.0000, '265,282.00', 71, 87, NULL, '2021-07-29 12:24:37', '2021-07-29 12:24:37'),
	(232, 5.6000, 6.3000, '35.28', 66, 55, NULL, '2021-07-29 13:15:04', '2021-07-29 13:15:04'),
	(233, 1.6900, 1.8500, '3.13', 70, 68, NULL, '2021-07-29 14:21:20', '2021-07-29 14:21:20'),
	(234, 7.9600, 163.0000, '1,297.48', 70, 68, NULL, '2021-07-29 14:23:30', '2021-07-29 14:23:30'),
	(235, 2.0000, 1.0000, '2.00', 72, 55, NULL, '2021-07-29 14:46:06', '2021-07-29 14:46:06'),
	(236, 3.3800, 2.1400, '7.23', 73, 55, NULL, '2021-07-29 15:33:21', '2021-07-29 15:33:21'),
	(237, 1.2500, 1.8000, '2.25', 75, 59, NULL, '2021-07-29 15:44:47', '2021-07-29 15:44:47'),
	(238, 1.2690, 1.9830, '2.52', 75, 59, NULL, '2021-07-29 15:45:09', '2021-07-29 15:45:09'),
	(239, 1.8000, 1.1000, '1.98', 77, 55, NULL, '2021-07-29 19:27:30', '2021-07-29 19:27:30'),
	(241, 2.0000, 1.5000, '3.00', 79, 55, NULL, '2021-07-29 19:41:05', '2021-07-29 19:41:05'),
	(242, 2.0000, 1.5000, '3.00', 80, 55, NULL, '2021-07-29 19:47:13', '2021-07-29 19:47:13'),
	(243, 2.0000, 0.7000, '1.40', 81, 55, NULL, '2021-07-29 20:03:04', '2021-07-29 20:03:04'),
	(244, 2.0000, 0.7000, '1.40', 81, 55, NULL, '2021-07-29 20:03:36', '2021-07-29 20:03:36'),
	(245, 2.5000, 1.6000, '4.00', 81, 55, NULL, '2021-07-29 20:09:24', '2021-07-29 20:09:24'),
	(246, 1.5000, 2.0000, '3.00', 82, 55, NULL, '2021-07-29 20:19:22', '2021-07-29 20:19:22'),
	(247, 1.8000, 1.2000, '2.16', 83, 55, NULL, '2021-07-29 20:24:25', '2021-07-29 20:24:25'),
	(248, 1.5000, 1.8000, '2.70', 84, 55, NULL, '2021-07-29 20:29:19', '2021-07-29 20:29:19'),
	(249, 2.0000, 1.5000, '3.00', 85, 55, NULL, '2021-07-29 20:40:19', '2021-07-29 20:40:19'),
	(250, 300.0000, 1.5000, '450.00', 86, 99, NULL, '2021-07-29 20:43:23', '2021-07-29 20:43:23'),
	(251, 2.0000, 1.8000, '3.60', 87, 55, NULL, '2021-07-29 20:45:31', '2021-07-29 20:45:31'),
	(252, 2.0500, 1.5900, '3.26', 88, 57, NULL, '2021-07-30 00:34:03', '2021-07-30 00:34:03'),
	(253, 2.5000, 3.6000, '9.00', 89, 68, NULL, '2021-07-30 01:05:11', '2021-07-30 01:05:11'),
	(254, 1.5000, 4.2000, '6.30', 89, 68, NULL, '2021-07-30 01:06:19', '2021-07-30 01:06:19'),
	(255, 1.6900, 2.5600, '4.33', 90, 68, NULL, '2021-07-30 01:29:02', '2021-07-30 01:29:02'),
	(256, 4.2000, 2.3600, '9.91', 90, 68, NULL, '2021-07-30 01:29:33', '2021-07-30 01:29:33'),
	(257, 2.5000, 1.5000, '3.75', 91, 59, NULL, '2021-07-30 13:33:50', '2021-07-30 13:33:50'),
	(258, 2.0000, 1.5000, '3.00', 91, 59, NULL, '2021-07-30 13:34:11', '2021-07-30 13:34:11'),
	(260, 3.3000, 2.1400, '7.06', 93, 59, NULL, '2021-07-30 16:26:04', '2021-07-30 16:26:04'),
	(261, 1.0000, 1.0000, '1.00', 94, 60, NULL, '2021-07-30 20:15:18', '2021-07-30 20:15:18'),
	(262, 2.0000, 3.0000, '6.00', 94, 60, NULL, '2021-07-30 20:15:28', '2021-07-30 20:15:28'),
	(263, 2.5800, 0.8500, '2.19', 95, 59, NULL, '2021-08-02 14:39:46', '2021-08-02 14:39:46'),
	(264, 2.6900, 3.9600, '10.65', 97, 68, NULL, '2021-08-02 18:36:50', '2021-08-02 18:36:50'),
	(265, 1.6900, 2.6900, '4.55', 97, 68, NULL, '2021-08-02 18:37:12', '2021-08-02 18:37:12'),
	(266, 1.3600, 1.3600, '1.85', 98, 68, NULL, '2021-08-02 19:14:46', '2021-08-02 19:14:46'),
	(267, 7.3600, 0.1860, '1.37', 98, 68, NULL, '2021-08-02 19:15:03', '2021-08-02 19:15:03'),
	(268, 6.8000, 2.6000, '17.68', 99, 55, NULL, '2021-08-03 00:44:16', '2021-08-03 00:44:16'),
	(269, 6.8000, 3.2000, '21.76', 99, 55, NULL, '2021-08-03 00:44:52', '2021-08-03 00:44:52'),
	(270, 1.8000, 0.7000, '1.26', 99, 55, NULL, '2021-08-03 00:45:15', '2021-08-03 00:45:15'),
	(271, 1.6830, 1.3700, '2.31', 101, 59, NULL, '2021-08-03 15:21:16', '2021-08-03 15:21:16'),
	(272, 1.5450, 1.3700, '2.12', 101, 59, NULL, '2021-08-03 15:21:38', '2021-08-03 15:21:38'),
	(273, 1.5500, 1.3700, '2.12', 101, 59, NULL, '2021-08-03 15:22:08', '2021-08-03 15:22:08'),
	(274, 1.5400, 1.3700, '2.11', 101, 59, NULL, '2021-08-03 15:22:35', '2021-08-03 15:22:35'),
	(275, 1.5600, 0.8650, '1.35', 101, 59, NULL, '2021-08-03 15:23:10', '2021-08-03 15:23:10'),
	(276, 1.5450, 1.7750, '2.74', 101, 59, NULL, '2021-08-03 15:23:30', '2021-08-03 15:23:30'),
	(277, 1.5500, 1.4970, '2.32', 101, 59, NULL, '2021-08-03 15:24:01', '2021-08-03 15:24:01'),
	(278, 1.5400, 1.4970, '2.31', 101, 59, NULL, '2021-08-03 15:24:30', '2021-08-03 15:24:30'),
	(279, 1.7250, 0.6200, '1.07', 101, 59, NULL, '2021-08-03 15:24:51', '2021-08-03 15:24:51'),
	(280, 1.9400, 0.6200, '1.20', 101, 59, NULL, '2021-08-03 15:25:32', '2021-08-03 15:25:32'),
	(281, 1.7250, 1.5000, '2.59', 101, 59, NULL, '2021-08-03 15:25:55', '2021-08-03 15:25:55'),
	(282, 1.9400, 1.5000, '2.91', 101, 59, NULL, '2021-08-03 15:26:16', '2021-08-03 15:26:16'),
	(283, 1.1250, 0.9230, '1.04', 101, 59, NULL, '2021-08-03 15:26:48', '2021-08-03 15:26:48'),
	(284, 1.1900, 0.9630, '1.15', 101, 59, NULL, '2021-08-03 15:27:16', '2021-08-03 15:27:16'),
	(285, 1.1900, 0.9630, '1.15', 101, 59, NULL, '2021-08-03 15:27:35', '2021-08-03 15:27:35'),
	(286, 1.1250, 0.9230, '1.04', 101, 59, NULL, '2021-08-03 15:27:52', '2021-08-03 15:27:52'),
	(287, 1.1530, 0.9230, '1.06', 101, 59, NULL, '2021-08-03 15:28:21', '2021-08-03 15:28:21'),
	(288, 1.2180, 0.9630, '1.17', 101, 59, NULL, '2021-08-03 15:28:43', '2021-08-03 15:28:43'),
	(289, 1.2180, 0.9630, '1.17', 101, 59, NULL, '2021-08-03 15:29:00', '2021-08-03 15:29:00'),
	(290, 1.1530, 0.9230, '1.06', 101, 59, NULL, '2021-08-03 15:29:18', '2021-08-03 15:29:18'),
	(291, 1.1540, 0.9230, '1.07', 101, 59, NULL, '2021-08-03 15:29:41', '2021-08-03 15:29:41'),
	(292, 1.2190, 0.9630, '1.17', 101, 59, NULL, '2021-08-03 15:30:08', '2021-08-03 15:30:08'),
	(293, 1.2990, 0.9630, '1.25', 101, 59, NULL, '2021-08-03 15:30:30', '2021-08-03 15:30:30'),
	(294, 1.1540, 0.9230, '1.07', 101, 59, NULL, '2021-08-03 15:30:46', '2021-08-03 15:30:46'),
	(295, 1.7080, 1.3540, '2.31', 101, 59, NULL, '2021-08-03 15:31:21', '2021-08-03 15:31:21'),
	(296, 1.6130, 0.9450, '1.52', 101, 59, NULL, '2021-08-03 15:31:47', '2021-08-03 15:31:47'),
	(297, 1.6050, 1.8820, '3.02', 101, 59, NULL, '2021-08-03 15:32:09', '2021-08-03 15:32:09'),
	(298, 1.6100, 1.2050, '1.94', 101, 59, NULL, '2021-08-03 15:32:35', '2021-08-03 15:32:35'),
	(299, 1.6050, 1.5000, '2.41', 101, 59, NULL, '2021-08-03 15:32:57', '2021-08-03 15:32:57'),
	(300, 1.6050, 0.7300, '1.17', 101, 59, NULL, '2021-08-03 15:33:20', '2021-08-03 15:33:20'),
	(301, 1.6050, 1.6650, '2.67', 101, 59, NULL, '2021-08-03 15:33:45', '2021-08-03 15:33:45'),
	(302, 1.7900, 1.1300, '2.02', 101, 59, NULL, '2021-08-03 15:34:12', '2021-08-03 15:34:12'),
	(303, 1.6630, 0.9550, '1.59', 101, 59, NULL, '2021-08-03 15:34:49', '2021-08-03 15:34:49'),
	(304, 1.6090, 1.8870, '3.04', 101, 59, NULL, '2021-08-03 15:35:17', '2021-08-03 15:35:17'),
	(305, 1.6120, 1.3170, '2.12', 101, 59, NULL, '2021-08-03 15:35:47', '2021-08-03 15:35:47'),
	(306, 1.6100, 2.2600, '3.64', 101, 59, NULL, '2021-08-03 15:36:18', '2021-08-03 15:36:18'),
	(307, 1.6020, 1.6900, '2.71', 101, 59, NULL, '2021-08-03 15:36:47', '2021-08-03 15:36:47'),
	(308, 1.7700, 1.1100, '1.96', 101, 59, NULL, '2021-08-03 15:37:09', '2021-08-03 15:37:09'),
	(309, 1.7770, 1.5250, '2.71', 101, 59, NULL, '2021-08-03 15:37:35', '2021-08-03 15:37:35'),
	(310, 1.6680, 0.9500, '1.58', 101, 59, NULL, '2021-08-03 15:37:52', '2021-08-03 15:37:52'),
	(311, 1.6150, 1.8950, '3.06', 101, 59, NULL, '2021-08-03 15:38:15', '2021-08-03 15:38:15'),
	(312, 1.6150, 1.3400, '2.16', 101, 59, NULL, '2021-08-03 15:38:32', '2021-08-03 15:38:32'),
	(313, 1.5860, 2.2600, '3.58', 101, 59, NULL, '2021-08-03 15:38:53', '2021-08-03 15:38:53'),
	(314, 1.5980, 1.6850, '2.69', 101, 59, NULL, '2021-08-03 15:39:14', '2021-08-03 15:39:14'),
	(315, 1.7700, 1.5050, '2.66', 101, 59, NULL, '2021-08-03 15:39:32', '2021-08-03 15:39:32'),
	(316, 1.7700, 1.1400, '2.02', 101, 59, NULL, '2021-08-03 15:40:00', '2021-08-03 15:40:00'),
	(317, 1.2500, 3.0000, '3.75', 102, 113, NULL, '2021-08-03 18:20:24', '2021-08-03 18:20:24'),
	(318, 3.0000, 3.0500, '9.15', 102, 113, NULL, '2021-08-03 18:22:13', '2021-08-03 18:22:13'),
	(319, 1.5000, 1.6000, '2.40', 103, 59, NULL, '2021-08-03 20:43:47', '2021-08-03 20:43:47'),
	(320, 1.2000, 1.5000, '1.80', 103, 59, NULL, '2021-08-03 20:44:08', '2021-08-03 20:44:08'),
	(321, 5.6000, 2.4000, '13.44', 100, 55, NULL, '2021-08-04 20:32:25', '2021-08-04 20:32:25'),
	(322, 1.5000, 2.0000, '3.00', 105, 55, NULL, '2021-08-04 20:41:59', '2021-08-04 20:41:59'),
	(323, 1.8000, 3.0000, '5.40', 105, 55, NULL, '2021-08-04 20:42:24', '2021-08-04 20:42:24'),
	(324, 2.5000, 1.5000, '3.75', 106, 59, NULL, '2021-08-04 22:15:30', '2021-08-04 22:15:30'),
	(325, 1.5000, 2.0000, '3.00', 106, 59, NULL, '2021-08-04 22:16:16', '2021-08-04 22:16:16'),
	(326, 1.2000, 1.2300, '1.48', 110, 59, NULL, '2021-08-05 21:53:38', '2021-08-05 21:53:38'),
	(327, 1.2600, 1.2300, '1.55', 110, 59, NULL, '2021-08-05 21:57:12', '2021-08-05 21:57:12'),
	(328, 1.5200, 1.5300, '2.33', 111, 59, NULL, '2021-08-05 23:14:47', '2021-08-05 23:14:47'),
	(329, 1.5350, 1.2830, '1.97', 111, 59, NULL, '2021-08-05 23:17:40', '2021-08-05 23:17:40'),
	(330, 1.4260, 1.5360, '2.19', 111, 59, NULL, '2021-08-05 23:18:00', '2021-08-05 23:18:00'),
	(331, 1.5360, 1.5390, '2.36', 111, 59, NULL, '2021-08-05 23:18:18', '2021-08-05 23:18:18'),
	(332, 1.5800, 1.2000, '1.90', 112, 59, NULL, '2021-08-07 03:52:09', '2021-08-07 03:52:09'),
	(333, 2.0000, 1.5000, '3.00', 112, 59, NULL, '2021-08-07 03:53:13', '2021-08-07 03:53:13'),
	(334, 1.6300, 1.1000, '1.79', 112, 59, NULL, '2021-08-07 03:54:20', '2021-08-07 03:54:20'),
	(335, 1.5000, 1.3800, '2.07', 113, 59, NULL, '2021-08-07 04:23:37', '2021-08-07 04:23:37'),
	(336, 1.9800, 1.5000, '2.97', 113, 59, NULL, '2021-08-07 04:24:48', '2021-08-07 04:24:48'),
	(337, 4.8000, 2.6000, '12.48', 114, 128, NULL, '2021-08-09 00:55:33', '2021-08-09 00:55:33'),
	(338, 5.3000, 2.3000, '12.19', 114, 128, NULL, '2021-08-09 00:56:17', '2021-08-09 00:56:17'),
	(339, 1.7000, 1.6500, '2.80', 113, 59, NULL, '2021-08-09 18:04:09', '2021-08-09 18:04:09'),
	(340, 5.6000, 3.5000, '19.60', 115, 55, NULL, '2021-08-09 22:56:16', '2021-08-09 22:56:16'),
	(341, 6.8000, 4.7000, '31.96', 115, 55, NULL, '2021-08-09 22:56:39', '2021-08-09 22:56:39'),
	(342, 1.8900, 1.8000, '3.40', 117, 59, NULL, '2021-08-11 20:06:05', '2021-08-11 20:06:05'),
	(343, 1.5830, 1.2300, '1.95', 118, 59, NULL, '2021-08-12 01:06:43', '2021-08-12 01:06:43'),
	(344, 1.4280, 1.2300, '1.76', 118, 59, NULL, '2021-08-12 01:07:32', '2021-08-12 01:07:32'),
	(345, 1.3700, 1.2400, '1.70', 118, 59, NULL, '2021-08-12 01:07:55', '2021-08-12 01:07:55'),
	(346, 25.5000, 25.5000, '650.25', 120, 1, NULL, '2021-08-14 01:26:42', '2021-08-14 01:26:42'),
	(347, 1.2590, 1.2480, '1.57', 121, 59, NULL, '2021-08-16 14:34:19', '2021-08-16 14:34:19'),
	(348, 1.9650, 1.2780, '2.51', 121, 59, NULL, '2021-08-16 14:34:38', '2021-08-16 14:34:38'),
	(349, 1.5600, 2.1000, '3.28', 121, 59, NULL, '2021-08-16 14:35:06', '2021-08-16 14:35:06'),
	(350, 2.5000, 1.2000, '3.00', 53, 63, NULL, '2021-08-28 14:19:51', '2021-08-28 14:19:51'),
	(351, 3.2000, 1.2000, '3.84', 53, 63, NULL, '2021-08-28 14:20:36', '2021-08-28 14:20:36'),
	(352, 1.5460, 0.5130, '0.79', 122, 59, NULL, '2021-10-01 15:15:47', '2021-10-01 15:15:47'),
	(353, 2.3320, 1.6610, '3.87', 122, 59, NULL, '2021-10-01 15:18:20', '2021-10-01 15:18:20'),
	(354, 1.6470, 0.4860, '0.80', 122, 59, NULL, '2021-10-01 15:19:13', '2021-10-01 15:19:13'),
	(355, 4.8610, 1.6400, '7.97', 122, 59, NULL, '2021-10-01 15:19:50', '2021-10-01 15:19:50'),
	(356, 1.6850, 0.5350, '0.90', 122, 59, NULL, '2021-10-01 15:20:46', '2021-10-01 15:20:46'),
	(357, 1.4470, 0.4980, '0.72', 122, 59, NULL, '2021-10-01 15:21:34', '2021-10-01 15:21:34'),
	(358, 0.5000, 1.6420, '0.82', 122, 59, NULL, '2021-10-01 15:22:41', '2021-10-01 15:22:41'),
	(359, 2.3350, 1.6500, '3.85', 122, 59, NULL, '2021-10-01 15:25:29', '2021-10-01 15:25:29'),
	(360, 0.4950, 1.6500, '0.82', 122, 59, NULL, '2021-10-01 15:25:58', '2021-10-01 15:25:58'),
	(361, 4.9700, 1.6400, '8.15', 122, 59, NULL, '2021-10-01 15:26:47', '2021-10-01 15:26:47'),
	(362, 2.2180, 1.6150, '3.58', 122, 59, NULL, '2021-10-01 15:27:14', '2021-10-01 15:27:14'),
	(363, 1.6050, 1.6200, '2.60', 122, 59, NULL, '2021-10-01 15:27:41', '2021-10-01 15:27:41'),
	(364, 2.2220, 1.6150, '3.59', 122, 59, NULL, '2021-10-01 15:28:05', '2021-10-01 15:28:05'),
	(365, 1.2150, 1.2260, '1.49', 122, 59, NULL, '2021-10-01 15:28:36', '2021-10-01 15:28:36'),
	(366, 2.4650, 1.6250, '4.01', 122, 59, NULL, '2021-10-01 15:29:08', '2021-10-01 15:29:08'),
	(367, 1.3300, 1.3800, '1.84', 122, 59, NULL, '2021-10-01 15:29:36', '2021-10-01 15:29:36'),
	(368, 1.3400, 1.3800, '1.85', 122, 59, NULL, '2021-10-01 15:29:53', '2021-10-01 15:29:53'),
	(369, 2.0100, 0.5750, '1.16', 122, 59, NULL, '2021-10-01 15:30:32', '2021-10-01 15:30:32'),
	(370, 1.8300, 1.1600, '2.12', 122, 59, NULL, '2021-10-01 15:32:48', '2021-10-01 15:32:48'),
	(371, 8.2110, 0.4050, '3.33', 122, 59, NULL, '2021-10-01 15:34:11', '2021-10-01 15:34:11'),
	(372, 2.2120, 1.6230, '3.59', 122, 59, NULL, '2021-10-01 15:36:05', '2021-10-01 15:36:05'),
	(373, 1.9820, 0.5260, '1.04', 122, 59, NULL, '2021-10-01 15:36:51', '2021-10-01 15:36:51'),
	(374, 1.2560, 1.4900, '1.87', 122, 59, NULL, '2021-10-01 15:37:24', '2021-10-01 15:37:24'),
	(375, 2.0980, 1.6100, '3.38', 122, 59, NULL, '2021-10-01 15:37:51', '2021-10-01 15:37:51'),
	(376, 2.9190, 1.6200, '4.73', 122, 59, NULL, '2021-10-01 15:38:43', '2021-10-01 15:38:43'),
	(377, 2.4570, 1.6200, '3.98', 122, 59, NULL, '2021-10-01 15:39:46', '2021-10-01 15:39:46'),
	(378, 1.2200, 1.4000, '1.71', 122, 59, NULL, '2021-10-01 15:40:13', '2021-10-01 15:40:13'),
	(379, 1.6300, 0.3850, '0.63', 122, 59, NULL, '2021-10-01 15:40:48', '2021-10-01 15:40:48');
/*!40000 ALTER TABLE `calculadoras` ENABLE KEYS */;

-- Volcando estructura para tabla aluminiobd.calculadora_historials
CREATE TABLE IF NOT EXISTS `calculadora_historials` (
  `id` bigint(20) unsigned NOT NULL AUTO_INCREMENT,
  `nombre_cliente` varchar(200) COLLATE utf8mb4_unicode_ci DEFAULT NULL,
  `celular` varchar(500) COLLATE utf8mb4_unicode_ci DEFAULT NULL,
  `descripcion` varchar(500) COLLATE utf8mb4_unicode_ci DEFAULT NULL,
  `precio` double(12,4) DEFAULT NULL,
  `total_suma` double(12,4) DEFAULT NULL,
  `suma_m2` double(12,4) DEFAULT NULL,
  `user_id` bigint(20) unsigned DEFAULT NULL,
  `hoja_calculo_id` bigint(20) unsigned DEFAULT NULL,
  `deleted_at` timestamp NULL DEFAULT NULL,
  `created_at` timestamp NULL DEFAULT NULL,
  `updated_at` timestamp NULL DEFAULT NULL,
  PRIMARY KEY (`id`),
  KEY `user_id` (`user_id`),
  KEY `FK_calculadora_historials_hoja_calculos` (`hoja_calculo_id`),
  CONSTRAINT `FK_calculadora_historials_hoja_calculos` FOREIGN KEY (`hoja_calculo_id`) REFERENCES `hoja_calculos` (`id`) ON DELETE CASCADE,
  CONSTRAINT `FK_calculadora_historials_users` FOREIGN KEY (`user_id`) REFERENCES `users` (`id`) ON DELETE CASCADE
) ENGINE=InnoDB AUTO_INCREMENT=128 DEFAULT CHARSET=utf8mb4 COLLATE=utf8mb4_unicode_ci;

-- Volcando datos para la tabla aluminiobd.calculadora_historials: ~60 rows (aproximadamente)
/*!40000 ALTER TABLE `calculadora_historials` DISABLE KEYS */;
INSERT INTO `calculadora_historials` (`id`, `nombre_cliente`, `celular`, `descripcion`, `precio`, `total_suma`, `suma_m2`, `user_id`, `hoja_calculo_id`, `deleted_at`, `created_at`, `updated_at`) VALUES
	(66, 'jose', '32145678', 'ventanas color champag', 45.0000, 1299.6900, 28.8820, 55, 49, NULL, '2021-07-26 02:15:57', '2021-07-26 02:15:57'),
	(67, 'juan', '45236789', 'ventana', 55.0000, 371.2500, 6.7500, 55, 50, NULL, '2021-07-26 16:14:06', '2021-07-26 16:14:06'),
	(68, 'juan peres', '75352963', 'Linea 25', 60.0000, 238.5240, 3.9754, 59, 52, NULL, '2021-07-26 19:40:52', '2021-07-26 19:41:44'),
	(69, 'TT', '79267721', 'ventanas', 30.0000, 144.1800, 4.8060, 68, 54, NULL, '2021-07-27 02:13:24', '2021-07-27 02:13:24'),
	(71, 'alberto', '12345678', 'ventana', 45.0000, 202.5000, 4.5000, 55, 51, NULL, '2021-07-27 13:51:52', '2021-07-27 13:51:52'),
	(72, 'pedro', '87654321', 'ventanal', 54.0000, 912.6000, 16.9000, 55, 56, NULL, '2021-07-27 13:53:53', '2021-07-27 13:53:53'),
	(73, 'perico perez', '8888888', 'kdkfhfjfjd l 25', 58.0000, 646.5840, 11.1480, 59, 57, NULL, '2021-07-27 13:57:52', '2021-07-27 13:58:45'),
	(74, 'Arq. Pinto', '72202354', 'Vidrio 10mm incoloro', 300.0000, 315.0000, 1.0500, 76, 58, NULL, '2021-07-27 20:50:29', '2021-07-27 20:51:58'),
	(75, 'juan', '79267721', 'ventanas', 40.0000, 257.1960, 6.4299, 68, 59, NULL, '2021-07-28 02:38:35', '2021-07-28 02:38:35'),
	(76, 'Juan', '79267721', 'ventana', 55.0000, 161.7000, 2.9400, 68, 61, NULL, '2021-07-28 11:21:25', '2021-07-28 11:22:36'),
	(77, 'armando', '45632178', 'ventana', 55.0000, 206.2500, 3.7500, 55, 62, NULL, '2021-07-28 14:49:38', '2021-07-28 14:49:38'),
	(78, 'luis', '69584732', 'ventana linea 25', 74.0000, 222.0000, 3.0000, 55, 63, NULL, '2021-07-28 15:01:06', '2021-07-28 15:01:06'),
	(79, 'edgar', '6352448', 'puerta', 60.0000, 198.0000, 3.3000, 55, 64, NULL, '2021-07-28 15:30:03', '2021-07-28 15:30:03'),
	(80, 'ruben', '6576408', 'linea 25', 58.0000, 234.9000, 4.0500, 59, 67, NULL, '2021-07-28 16:19:55', '2021-07-28 16:21:45'),
	(81, 'David', '75974530', 'Linea 20 color mate', 70.0000, 580.0270, 8.2861, 87, 69, NULL, '2021-07-28 19:44:13', '2021-07-28 19:47:16'),
	(82, 'Antonio', '77755666', 'linea 20 color mate', 70.0000, 427.8400, 6.1120, 59, 68, NULL, '2021-07-28 19:44:18', '2021-07-28 19:47:22'),
	(83, 'Omar', '64597284', 'Linea 20 mate', 50.0000, 13264303.8400, 265286.0768, 87, 71, NULL, '2021-07-29 12:25:33', '2021-07-29 12:25:33'),
	(84, 'lenny', '6932547', 'puerta en color chanpang', 50.0000, 1764.0000, 35.2800, 55, 66, NULL, '2021-07-29 13:17:30', '2021-07-29 13:17:30'),
	(85, 'osacr', '79266721', 'ventanas', 40.0000, 52024.2600, 1300.6065, 68, 70, NULL, '2021-07-29 14:30:45', '2021-07-29 14:30:45'),
	(86, 'pedro', '96325847', 'ventana', 59.0000, 118.0000, 2.0000, 55, 72, NULL, '2021-07-29 14:47:24', '2021-07-29 14:47:24'),
	(87, 'juan peres', '36925814', 'ventana', 54.0000, 390.5928, 7.2332, 55, 73, NULL, '2021-07-29 15:35:27', '2021-07-29 15:35:27'),
	(88, 'oscar lujan', '75395258', 'dgjnlkcbjfc', 80.0000, 381.3120, 4.7664, 59, 75, NULL, '2021-07-29 15:46:09', '2021-07-29 15:47:01'),
	(89, 'jaime', '68121160', 'ventana color bronse normal', 360.0000, 0.0000, 0.0000, 93, 76, NULL, '2021-07-29 15:54:00', '2021-07-29 15:54:00'),
	(90, 'juan jose', '32145600', 'ventana', 54.0000, 106.9200, 1.9800, 55, 77, NULL, '2021-07-29 19:29:00', '2021-07-29 19:29:00'),
	(91, 'david', '36925800', 'ventana', 49.0000, 147.0000, 3.0000, 55, 79, NULL, '2021-07-29 19:42:46', '2021-07-29 19:42:46'),
	(92, 'faostino', '63251499', 'ventana', 49.0000, 147.0000, 3.0000, 55, 80, NULL, '2021-07-29 19:48:47', '2021-07-29 19:48:47'),
	(93, 'ruben', '36521477', 'ventana linea 20', 45.0000, 306.0000, 6.8000, 55, 81, NULL, '2021-07-29 20:10:37', '2021-07-29 20:10:37'),
	(94, 'juana', '36936900', 'vitrina', 24.0000, 72.0000, 3.0000, 55, 82, NULL, '2021-07-29 20:20:33', '2021-07-29 20:20:33'),
	(95, 'lucy', '36363698', 'ventana', 71.0000, 153.3600, 2.1600, 55, 83, NULL, '2021-07-29 20:25:48', '2021-07-29 20:25:48'),
	(96, 'edgarin', '14714758', 'vemtana', 50.0000, 135.0000, 2.7000, 55, 84, NULL, '2021-07-29 20:30:15', '2021-07-29 20:30:15'),
	(97, 'joaquin', '36925847', 'ventana', 44.0000, 132.0000, 3.0000, 55, 85, NULL, '2021-07-29 20:41:42', '2021-07-29 20:41:42'),
	(98, 'hugo', '36932154', 'ventana', 60.0000, 216.0000, 3.6000, 55, 87, NULL, '2021-07-29 20:46:31', '2021-07-29 20:46:31'),
	(99, 'luis', '72654421', 'puertas', 60.0000, 918.0000, 15.3000, 68, 89, NULL, '2021-07-30 01:07:40', '2021-07-30 01:07:40'),
	(100, 'pedro', '7926', 'ventana', 50.0000, 711.9200, 14.2384, 68, 90, NULL, '2021-07-30 01:30:28', '2021-07-30 01:30:28'),
	(101, 'juan jose perez', '72270883', 'linea aluminio', 55.0000, 371.2500, 6.7500, 59, 91, NULL, '2021-07-30 13:35:36', '2021-08-11 20:08:22'),
	(102, 'mamani', '75003423', 'l 20', 48.0000, 338.9760, 7.0620, 59, 93, NULL, '2021-07-30 19:24:52', '2021-07-30 19:25:58'),
	(104, 'David', '73356969', 'Linea 20', 10.0000, 0.0000, 0.0000, 87, 74, NULL, '2021-07-31 21:41:41', '2021-07-31 21:41:41'),
	(105, 'mm', '555', 'puerta de la linea 35', 75.0000, 164.4750, 2.1930, 59, 95, NULL, '2021-08-02 14:41:03', '2021-08-02 14:41:03'),
	(106, 'juan', '797267721', 'ventanas', 50.0000, 759.9250, 15.1985, 68, 97, NULL, '2021-08-02 18:38:01', '2021-08-02 18:38:01'),
	(107, 'juan', '79267721', 'ventana', 40.0000, 128.7424, 3.2186, 68, 98, NULL, '2021-08-02 19:15:44', '2021-08-02 19:15:44'),
	(108, 'valky', '63985246', 'ventanas.....', 70.0000, 2849.0000, 40.7000, 55, 99, NULL, '2021-08-03 00:47:54', '2021-08-03 00:47:54'),
	(109, 'Elias Choque', '75925260', 'templado 10 mm. gris', 315.0000, 28711.8090, 91.1486, 59, 101, NULL, '2021-08-03 15:41:41', '2021-08-04 17:38:01'),
	(110, 'juan', '63471439', 'line 25', 55.0000, 709.5000, 12.9000, 113, 102, NULL, '2021-08-03 18:23:56', '2021-08-03 18:23:56'),
	(111, 'Jhonny', '72280361', 'linea 25', 60.0000, 252.0000, 4.2000, 59, 103, NULL, '2021-08-03 20:45:49', '2021-08-12 01:11:23'),
	(112, 'limber', '6464646646', '25', 45.0000, 0.0000, 0.0000, 113, 104, NULL, '2021-08-04 13:25:52', '2021-08-04 13:25:52'),
	(113, 'ivan', '36936900', 'venta', 45.0000, 604.8000, 13.4400, 55, 100, NULL, '2021-08-04 20:33:41', '2021-08-04 20:33:41'),
	(114, 'jose', '36251480', 'ventana', 53.0000, 445.2000, 8.4000, 55, 105, NULL, '2021-08-04 20:44:06', '2021-08-04 20:44:06'),
	(115, 'pepe', '75521475', '25', 385.0000, 2598.7500, 6.7500, 59, 106, NULL, '2021-08-04 22:19:46', '2021-08-04 22:19:46'),
	(116, 'ale', '75698', 'fachada', 55.0000, 0.0000, 0.0000, 118, 107, NULL, '2021-08-05 02:04:12', '2021-08-05 02:04:12'),
	(117, 'Gabriel Montaño', '75266333', 'linea 25', 68.0000, 205.7544, 3.0258, 59, 110, NULL, '2021-08-05 22:00:59', '2021-08-05 22:00:59'),
	(118, 'Jorge Ledesma', '4258635', 'templado. 10mm.', 780.0000, 6902.3760, 8.8492, 59, 111, NULL, '2021-08-05 23:19:16', '2021-08-05 23:19:39'),
	(119, 'David Huanca', '77950537', 'ventana 6mm', 58.0000, 387.9620, 6.6890, 59, 112, NULL, '2021-08-07 03:56:52', '2021-08-07 04:29:59'),
	(120, 'cesar', '36985236', 'ventanas', 40.0000, 986.8000, 24.6700, 128, 114, NULL, '2021-08-09 00:58:52', '2021-08-09 00:58:52'),
	(121, 'Gustavo', '76139540', 'linea 20', 45.0000, 353.0250, 7.8450, 59, 113, NULL, '2021-08-09 18:05:58', '2021-08-09 18:05:58'),
	(122, 'armando', '17782213', 'ventanas', 53.0000, 2732.6800, 51.5600, 55, 115, NULL, '2021-08-09 22:58:01', '2021-08-09 22:58:01'),
	(123, 'carlos', '7562358', 'vidrio templado', 75.0000, 255.1500, 3.4020, 59, 117, NULL, '2021-08-11 20:07:24', '2021-08-11 20:07:24'),
	(124, 'juan perez', '7300000', 'linea 20', 55.0000, 297.1282, 5.4023, 59, 118, NULL, '2021-08-12 01:09:34', '2021-08-12 01:09:34'),
	(125, 'korge', '777', 'hdhdhhd', 10.0000, 6502.5000, 650.2500, 1, 120, NULL, '2021-08-14 01:27:12', '2021-08-14 01:27:12'),
	(126, 'Rubén Laura', '75249538', 'linea 25', 65.0000, 478.3026, 7.3585, 59, 121, NULL, '2021-08-16 14:36:04', '2021-08-16 14:36:04'),
	(127, 'Kevin', '777777', 'linea 20', 45.0000, 3383.2530, 75.1834, 59, 122, NULL, '2021-10-01 15:43:07', '2021-10-01 15:49:05');
/*!40000 ALTER TABLE `calculadora_historials` ENABLE KEYS */;

-- Volcando estructura para tabla aluminiobd.carritos
CREATE TABLE IF NOT EXISTS `carritos` (
  `id` bigint(20) unsigned NOT NULL AUTO_INCREMENT,
  `estado` varchar(255) COLLATE utf8mb4_unicode_ci NOT NULL,
  `importadora` varchar(255) COLLATE utf8mb4_unicode_ci DEFAULT NULL,
  `confirmacion` varchar(255) COLLATE utf8mb4_unicode_ci DEFAULT NULL,
  `descripcion` varchar(255) COLLATE utf8mb4_unicode_ci DEFAULT NULL,
  `user_id` bigint(20) unsigned NOT NULL,
  `deleted_at` timestamp NULL DEFAULT NULL,
  `created_at` timestamp NULL DEFAULT NULL,
  `updated_at` timestamp NULL DEFAULT NULL,
  PRIMARY KEY (`id`),
  KEY `FK_carritos_users` (`user_id`),
  CONSTRAINT `FK_carritos_users` FOREIGN KEY (`user_id`) REFERENCES `users` (`id`) ON DELETE CASCADE
) ENGINE=InnoDB AUTO_INCREMENT=86 DEFAULT CHARSET=utf8mb4 COLLATE=utf8mb4_unicode_ci;

-- Volcando datos para la tabla aluminiobd.carritos: ~55 rows (aproximadamente)
/*!40000 ALTER TABLE `carritos` DISABLE KEYS */;
INSERT INTO `carritos` (`id`, `estado`, `importadora`, `confirmacion`, `descripcion`, `user_id`, `deleted_at`, `created_at`, `updated_at`) VALUES
	(31, 'true', 'TODO ALUMINIO', 'true', NULL, 59, NULL, '2021-07-26 19:22:04', '2021-07-27 12:23:42'),
	(32, 'true', 'TEMPLEX', 'true', NULL, 59, NULL, '2021-07-27 12:24:02', '2021-07-27 12:29:06'),
	(33, 'true', 'TEMPLEX', 'true', NULL, 59, NULL, '2021-07-27 13:26:22', '2021-07-28 12:18:08'),
	(34, 'true', 'TEMPLEX', 'true', NULL, 76, NULL, '2021-07-27 20:52:54', '2021-07-27 21:01:42'),
	(35, 'true', 'TEMPLEX', 'true', NULL, 68, NULL, '2021-07-28 01:27:47', '2021-07-30 01:10:22'),
	(36, 'true', 'TEMPLEX', 'true', NULL, 59, NULL, '2021-07-28 12:18:33', '2021-07-28 12:38:40'),
	(37, 'true', 'TEMPLEX', 'true', NULL, 59, NULL, '2021-07-28 12:23:26', '2021-07-28 12:36:01'),
	(38, 'true', 'TEMPLEX', 'true', NULL, 59, NULL, '2021-07-28 12:42:58', '2021-07-28 12:45:56'),
	(39, 'true', 'TEMPLEX', 'true', NULL, 59, NULL, '2021-07-28 16:23:50', '2021-07-28 17:00:13'),
	(40, 'true', 'TEMPLEX', 'true', NULL, 59, NULL, '2021-07-28 17:58:08', '2021-07-28 17:59:44'),
	(41, 'true', 'TEMPLEX', 'true', NULL, 59, NULL, '2021-07-28 19:49:44', '2021-07-28 19:55:28'),
	(42, 'true', 'TEMPLEX', 'true', NULL, 87, NULL, '2021-07-28 19:49:47', '2021-07-28 19:54:14'),
	(43, 'true', 'TEMPLEX', 'true', NULL, 55, NULL, '2021-07-28 21:11:51', '2021-07-28 21:15:41'),
	(44, 'true', 'TEMPLEX', 'true', NULL, 59, NULL, '2021-07-28 21:11:52', '2021-07-28 21:21:59'),
	(45, 'true', 'TEMPLEX', 'true', NULL, 55, NULL, '2021-07-29 08:14:20', '2021-07-29 12:22:51'),
	(46, 'true', 'TEMPLEX', 'true', NULL, 55, NULL, '2021-07-29 08:19:10', '2021-07-29 12:22:27'),
	(47, 'true', 'TEMPLEX', 'true', NULL, 55, NULL, '2021-07-29 08:21:52', '2021-07-29 12:21:47'),
	(48, 'true', 'TEMPLEX', 'true', NULL, 87, NULL, '2021-07-29 12:28:37', '2021-07-29 12:41:57'),
	(49, 'false', 'TEMPLEX', 'true', NULL, 55, NULL, '2021-07-29 13:20:29', '2021-07-29 13:48:58'),
	(50, 'true', 'TEMPLEX', 'true', NULL, 59, NULL, '2021-07-29 13:59:37', '2021-07-29 14:11:51'),
	(51, 'true', 'TEMPLEX', 'true', NULL, 87, NULL, '2021-07-29 15:27:33', '2021-07-29 15:29:56'),
	(52, 'true', 'TEMPLEX', 'true', NULL, 59, NULL, '2021-07-29 15:48:11', '2021-07-29 15:50:30'),
	(53, 'true', 'TEMPLEX', 'true', NULL, 87, NULL, '2021-07-29 15:53:08', '2021-07-31 21:45:45'),
	(54, 'false', 'TEMPLEX', 'true', NULL, 94, NULL, '2021-07-29 16:02:27', '2021-07-29 16:50:20'),
	(55, 'false', 'TEMPLEX', 'true', NULL, 95, NULL, '2021-07-29 16:26:24', '2021-07-29 16:51:16'),
	(56, 'true', 'TEMPLEX', 'true', NULL, 59, NULL, '2021-07-30 13:38:16', '2021-07-31 14:40:49'),
	(57, 'false', 'TEMPLEX', 'true', NULL, 101, NULL, '2021-07-30 14:30:53', '2021-07-30 14:34:20'),
	(58, 'true', 'TEMPLEX', 'true', NULL, 59, NULL, '2021-07-30 19:27:55', '2021-07-31 14:40:17'),
	(59, 'true', 'ALUCOBOL', 'true', NULL, 102, NULL, '2021-07-30 20:16:47', '2021-07-30 20:20:25'),
	(60, 'true', 'TEMPLEX', 'true', NULL, 87, NULL, '2021-07-31 21:47:14', '2021-08-01 23:32:31'),
	(61, 'true', 'TEMPLEX', 'true', NULL, 59, NULL, '2021-07-31 21:51:26', '2021-07-31 21:53:13'),
	(62, 'true', 'TEMPLEX', 'true', NULL, 87, NULL, '2021-08-01 23:35:18', '2021-08-02 21:29:11'),
	(63, 'true', 'TEMPLEX', 'true', NULL, 59, NULL, '2021-08-01 23:37:00', '2021-08-01 23:39:25'),
	(64, 'true', 'TEMPLEX', 'true', NULL, 59, NULL, '2021-08-02 14:48:04', '2021-08-03 20:52:19'),
	(65, 'true', 'TEMPLEX', 'true', NULL, 87, NULL, '2021-08-02 21:29:12', '2021-08-02 21:35:32'),
	(66, 'true', 'TEMPLEX', 'true', NULL, 87, NULL, '2021-08-02 21:50:31', '2021-08-02 22:00:18'),
	(67, 'true', 'TEMPLEX', 'true', NULL, 87, NULL, '2021-08-02 22:45:53', '2021-08-02 22:51:48'),
	(68, 'true', 'TEMPLEX', 'true', NULL, 113, NULL, '2021-08-03 18:25:55', '2021-08-03 18:30:01'),
	(69, 'true', 'TEMPLEX', 'true', NULL, 87, NULL, '2021-08-03 19:29:31', '2021-08-03 19:31:59'),
	(70, 'true', 'TEMPLEX', 'true', NULL, 87, NULL, '2021-08-03 20:30:32', '2021-08-03 20:38:18'),
	(71, 'true', 'TEMPLEX', 'true', NULL, 87, NULL, '2021-08-03 21:11:43', '2021-08-03 21:15:13'),
	(72, 'true', 'TEMPLEX', 'true', NULL, 59, NULL, '2021-08-04 22:22:25', '2021-08-12 19:19:57'),
	(73, 'true', 'TEMPLEX', 'true', NULL, 59, NULL, '2021-08-05 21:52:55', '2021-08-12 19:20:01'),
	(74, 'false', 'TEMPLEX', 'true', NULL, 123, NULL, '2021-08-05 21:54:17', '2021-08-12 19:19:47'),
	(75, 'true', 'TEMPLEX', 'true', NULL, 87, NULL, '2021-08-05 21:54:59', '2021-08-05 22:06:42'),
	(76, 'true', 'TEMPLEX', 'false', NULL, 59, NULL, '2021-08-07 04:02:45', '2021-08-07 04:07:32'),
	(77, 'true', 'TEMPLEX', 'false', NULL, 59, NULL, '2021-08-07 04:31:23', '2021-08-07 04:33:13'),
	(78, 'true', 'TEMPLEX', 'false', NULL, 59, NULL, '2021-08-11 19:35:05', '2021-08-11 19:58:03'),
	(79, 'true', 'TRENDY HOME', 'true', NULL, 130, NULL, '2021-08-11 19:50:48', '2021-08-11 19:54:54'),
	(80, 'true', 'TRENDY HOME', 'true', NULL, 59, NULL, '2021-08-11 19:58:12', '2021-08-11 20:00:01'),
	(81, 'true', 'TRENDY HOME', 'false', NULL, 130, NULL, '2021-08-12 01:12:47', '2021-08-12 01:14:16'),
	(82, 'true', 'TEMPLEX', 'false', NULL, 59, NULL, '2021-08-12 01:14:43', '2021-08-12 01:16:35'),
	(83, 'true', 'TEMPLEX', 'false', NULL, 59, NULL, '2021-08-12 19:14:49', '2021-08-12 19:17:36'),
	(84, 'true', 'TEMPLEX', 'false', NULL, 59, NULL, '2021-08-12 19:14:49', '2021-08-12 19:18:59'),
	(85, 'false', 'TEMPLEX', 'false', NULL, 59, NULL, '2021-08-12 19:27:16', '2021-08-12 19:27:16');
/*!40000 ALTER TABLE `carritos` ENABLE KEYS */;

-- Volcando estructura para tabla aluminiobd.carrito_detalles
CREATE TABLE IF NOT EXISTS `carrito_detalles` (
  `id` bigint(20) unsigned NOT NULL AUTO_INCREMENT,
  `cantidad_pedido` int(11) DEFAULT NULL,
  `importadora` varchar(255) COLLATE utf8mb4_unicode_ci NOT NULL,
  `nombre` varchar(255) COLLATE utf8mb4_unicode_ci NOT NULL,
  `imagen` varchar(255) COLLATE utf8mb4_unicode_ci NOT NULL,
  `precio` double(8,2) DEFAULT '0.00',
  `color` varchar(255) COLLATE utf8mb4_unicode_ci NOT NULL,
  `ancho` double DEFAULT '0',
  `alto` double DEFAULT '0',
  `codigo` varchar(50) COLLATE utf8mb4_unicode_ci NOT NULL DEFAULT '0',
  `descripcion` varchar(50) COLLATE utf8mb4_unicode_ci DEFAULT '0',
  `tipo_medida` varchar(50) COLLATE utf8mb4_unicode_ci DEFAULT '0',
  `carro_id` bigint(20) unsigned NOT NULL,
  `categorias_id` bigint(20) unsigned DEFAULT NULL,
  `subcategorias_id` bigint(20) unsigned DEFAULT NULL,
  `created_at` timestamp NULL DEFAULT NULL,
  `updated_at` timestamp NULL DEFAULT NULL,
  PRIMARY KEY (`id`),
  KEY `carrito_detalles_carro_id_foreign` (`carro_id`),
  CONSTRAINT `carrito_detalles_carro_id_foreign` FOREIGN KEY (`carro_id`) REFERENCES `carritos` (`id`) ON DELETE CASCADE
) ENGINE=InnoDB AUTO_INCREMENT=255 DEFAULT CHARSET=utf8mb4 COLLATE=utf8mb4_unicode_ci;

-- Volcando datos para la tabla aluminiobd.carrito_detalles: ~140 rows (aproximadamente)
/*!40000 ALTER TABLE `carrito_detalles` DISABLE KEYS */;
INSERT INTO `carrito_detalles` (`id`, `cantidad_pedido`, `importadora`, `nombre`, `imagen`, `precio`, `color`, `ancho`, `alto`, `codigo`, `descripcion`, `tipo_medida`, `carro_id`, `categorias_id`, `subcategorias_id`, `created_at`, `updated_at`) VALUES
	(109, 3, 'TODO ALUMINIO', 'riel superior', 'images/productoDefault.png', NULL, 'Champagne', NULL, NULL, '2001', NULL, 'Selecciona...', 31, 1, 5, '2021-07-27 12:23:08', '2021-07-27 12:23:08'),
	(110, 3, 'TEMPLEX', 'Cabezal', 'images/productoDefault.png', 90.00, 'Champagne', NULL, NULL, '2004', NULL, 'Selecciona...', 32, 1, 5, '2021-07-27 12:24:20', '2021-07-27 12:26:38'),
	(111, 3, 'TEMPLEX', 'Pierna', 'images/productoDefault.png', 95.00, 'Champagne', NULL, NULL, '2010', NULL, 'Selecciona...', 32, 1, 5, '2021-07-27 12:24:38', '2021-07-27 12:26:54'),
	(112, 2, 'TEMPLEX', 'Enganche', 'images/productoDefault.png', 95.00, 'Champagne', NULL, NULL, '2011', NULL, 'Selecciona...', 32, 1, 5, '2021-07-27 12:24:53', '2021-07-27 12:27:12'),
	(113, 1, 'TEMPLEX', 'Riel Superior', 'images/productoDefault.png', 105.00, 'Natural', NULL, NULL, '2001', NULL, 'Selecciona...', 34, 1, 5, '2021-07-27 20:53:46', '2021-07-27 20:55:04'),
	(114, 1, 'TEMPLEX', 'Riel Inferior', 'images/productoDefault.png', 100.00, 'Natural', NULL, NULL, '2002', NULL, 'Selecciona...', 34, 1, 5, '2021-07-27 20:54:13', '2021-07-27 20:55:11'),
	(115, 2, 'TEMPLEX', 'Riel Superior', 'images/productoDefault.png', 108.00, 'Champagne', NULL, NULL, '2001', NULL, 'Selecciona...', 35, 1, 5, '2021-07-28 01:29:43', '2021-07-28 01:31:20'),
	(116, 2, 'TEMPLEX', 'Enganche', 'images/productoDefault.png', 114.00, 'Champagne', NULL, NULL, '2011', NULL, 'Selecciona...', 35, 1, 5, '2021-07-28 01:30:15', '2021-07-28 01:31:29'),
	(117, 4, 'TEMPLEX', 'Riel Superior', 'images/productoDefault.png', NULL, 'Champagne', NULL, NULL, '2001', NULL, 'Selecciona...', 33, 1, 5, '2021-07-28 12:16:21', '2021-07-28 12:16:21'),
	(118, 5, 'TEMPLEX', 'Riel Inferior', 'images/productoDefault.png', NULL, 'Champagne', NULL, NULL, '2002', NULL, 'Selecciona...', 33, 1, 5, '2021-07-28 12:16:48', '2021-07-28 12:16:48'),
	(119, 8, 'TEMPLEX', 'Cabezal', 'images/productoDefault.png', NULL, 'Champagne', NULL, NULL, '2004', NULL, 'Selecciona...', 33, 1, 5, '2021-07-28 12:17:05', '2021-07-28 12:17:05'),
	(120, 6, 'TEMPLEX', 'Zocalo', 'images/productoDefault.png', NULL, 'Champagne', NULL, NULL, '2005', NULL, 'Selecciona...', 33, 1, 5, '2021-07-28 12:17:23', '2021-07-28 12:17:23'),
	(121, 8, 'TEMPLEX', 'Jamba', 'images/productoDefault.png', NULL, 'Champagne', NULL, NULL, '2009', NULL, 'Selecciona...', 33, 1, 5, '2021-07-28 12:17:41', '2021-07-28 12:17:41'),
	(122, 5, 'TEMPLEX', 'Pierna', 'images/productoDefault.png', NULL, 'Champagne', NULL, NULL, '2010', NULL, 'Selecciona...', 33, 1, 5, '2021-07-28 12:17:57', '2021-07-28 12:17:57'),
	(123, 4, 'TEMPLEX', 'Riel Superior', 'images/productoDefault.png', 140.00, 'Natural', NULL, NULL, '2501', NULL, 'Selecciona...', 36, 1, 5, '2021-07-28 12:18:48', '2021-07-28 12:36:58'),
	(124, 5, 'TEMPLEX', 'Riel Inferior', 'images/productoDefault.png', 140.00, 'Champagne', NULL, NULL, '2502', NULL, 'Selecciona...', 36, 1, 13, '2021-07-28 12:19:02', '2021-07-28 12:37:12'),
	(125, 5, 'TEMPLEX', 'Cabezal', 'images/productoDefault.png', 120.00, 'Champagne', NULL, NULL, '2504', NULL, 'Selecciona...', 36, 1, 13, '2021-07-28 12:19:18', '2021-07-28 12:37:28'),
	(126, 6, 'TEMPLEX', 'Zocalo', 'images/productoDefault.png', 135.00, 'Champagne', NULL, NULL, '2505', NULL, 'Selecciona...', 36, 1, 13, '2021-07-28 12:19:36', '2021-07-28 12:37:44'),
	(127, 4, 'TEMPLEX', 'Riel Superior', 'images/productoDefault.png', 95.00, 'Champagne', NULL, NULL, '2001', NULL, 'Selecciona...', 37, 1, 5, '2021-07-28 12:23:46', '2021-07-28 12:32:13'),
	(128, 4, 'TEMPLEX', 'Riel Inferior', 'images/productoDefault.png', 95.00, 'Champagne', NULL, NULL, '2002', NULL, 'Selecciona...', 37, 1, 5, '2021-07-28 12:24:03', '2021-07-28 12:32:25'),
	(129, 5, 'TEMPLEX', 'Cabezal', 'images/productoDefault.png', 90.00, 'Champagne', NULL, NULL, '2004', NULL, 'Selecciona...', 37, 1, 5, '2021-07-28 12:24:18', '2021-07-28 12:32:45'),
	(130, 5, 'TEMPLEX', 'Zocalo', 'images/productoDefault.png', 95.00, 'Champagne', NULL, NULL, '2005', NULL, 'Selecciona...', 37, 1, 5, '2021-07-28 12:24:32', '2021-07-28 12:33:05'),
	(131, 7, 'TEMPLEX', 'Jamba', 'images/productoDefault.png', 95.00, 'Champagne', NULL, NULL, '2009', NULL, 'Selecciona...', 37, 1, 5, '2021-07-28 12:24:46', '2021-07-28 12:33:15'),
	(132, 5, 'TEMPLEX', 'Zocalo', 'images/productoDefault.png', 95.00, 'Champagne', NULL, NULL, '2005', NULL, 'Selecciona...', 38, 1, 5, '2021-07-28 12:43:19', '2021-07-28 12:44:45'),
	(133, 4, 'TEMPLEX', 'Enganche', 'images/productoDefault.png', 95.00, 'Champagne', NULL, NULL, '2011', NULL, 'Selecciona...', 38, 1, 5, '2021-07-28 12:43:35', '2021-07-28 12:44:57'),
	(134, 3, 'TEMPLEX', 'Riel Superior', 'images/productoDefault.png', 95.00, 'Champagne', NULL, NULL, '2001', NULL, 'Selecciona...', 39, 1, 5, '2021-07-28 16:24:16', '2021-07-28 16:59:17'),
	(135, 2, 'TEMPLEX', 'Riel Inferior', 'images/productoDefault.png', 95.00, 'Champagne', NULL, NULL, '2002', NULL, 'Selecciona...', 39, 1, 5, '2021-07-28 16:24:48', '2021-07-28 16:59:29'),
	(136, 4, 'TEMPLEX', 'Riel Superior', 'images/productoDefault.png', 80.00, 'Champagne', NULL, NULL, '2501', NULL, 'Selecciona...', 40, 1, 5, '2021-07-28 17:58:25', '2021-07-28 17:59:16'),
	(137, 2, 'TEMPLEX', 'Riel Superior', 'images/productoDefault.png', 95.00, 'Champagne', NULL, NULL, '2001', NULL, 'Selecciona...', 42, 1, 5, '2021-07-28 19:50:52', '2021-07-28 19:53:24'),
	(138, 11, 'TEMPLEX', 'Riel Superior', 'images/productoDefault.png', 80.00, 'Champagne', NULL, NULL, '2001', NULL, 'Selecciona...', 41, 1, 5, '2021-07-28 19:50:52', '2021-07-28 19:54:24'),
	(139, 5, 'TEMPLEX', 'Riel Inferior', 'images/productoDefault.png', 75.00, 'Champagne', NULL, NULL, '2002', NULL, 'Selecciona...', 41, 1, 5, '2021-07-28 19:51:43', '2021-07-28 19:54:33'),
	(140, 2, 'TEMPLEX', 'Riel Inferior', 'images/productoDefault.png', 86.00, 'Champagne', NULL, NULL, '2002', NULL, 'Selecciona...', 42, 1, 5, '2021-07-28 19:51:47', '2021-07-28 19:53:41'),
	(141, 4, 'TEMPLEX', 'Jamba', 'images/productoDefault.png', 87.00, 'Champagne', NULL, NULL, '2009', NULL, 'Selecciona...', 41, 1, 5, '2021-07-28 19:52:13', '2021-07-28 19:54:39'),
	(142, 3, 'TEMPLEX', 'Cabezal', 'images/productoDefault.png', 75.00, 'Champagne', NULL, NULL, '2004', NULL, 'Selecciona...', 42, 1, 5, '2021-07-28 19:52:21', '2021-07-28 19:53:50'),
	(143, 5, 'TEMPLEX', 'Cabezal', 'images/productoDefault.png', 87.00, 'Champagne', NULL, NULL, '2004', NULL, 'Selecciona...', 43, 1, 5, '2021-07-28 21:12:48', '2021-07-28 21:14:59'),
	(144, 12, 'TEMPLEX', 'Riel Superior', 'images/productoDefault.png', 100.00, 'Champagne', NULL, NULL, '2001', NULL, 'Selecciona...', 44, 1, 5, '2021-07-28 21:12:56', '2021-07-28 21:15:59'),
	(145, 5, 'TEMPLEX', 'Jamba', 'images/productoDefault.png', 116.00, 'Bronce', NULL, NULL, '2509', NULL, 'Selecciona...', 43, 1, 13, '2021-07-28 21:13:18', '2021-07-28 21:15:08'),
	(146, 4, 'TEMPLEX', 'Cabezal', 'images/productoDefault.png', 94.00, 'Champagne', NULL, NULL, '2004', NULL, 'Selecciona...', 44, 1, 5, '2021-07-28 21:13:33', '2021-07-28 21:16:06'),
	(147, 2, 'TEMPLEX', 'Pierna', 'images/productoDefault.png', 110.00, 'Titanio', NULL, NULL, '2510', NULL, 'Selecciona...', 43, 1, 13, '2021-07-28 21:13:41', '2021-07-28 21:15:18'),
	(148, 5, 'TEMPLEX', 'Enganche', 'images/productoDefault.png', 87.00, 'Champagne', NULL, NULL, '2011', NULL, 'Selecciona...', 44, 1, 5, '2021-07-28 21:13:51', '2021-07-28 21:16:50'),
	(150, 5, 'TEMPLEX', 'Zocalo', 'images/productoDefault.png', 112.00, 'Titanio', NULL, NULL, '2505', NULL, 'Selecciona...', 46, 1, 13, '2021-07-29 08:20:20', '2021-07-29 12:22:01'),
	(151, 1, 'TEMPLEX', 'Riel Superior', 'images/productoDefault.png', 87.00, 'Champagne', NULL, NULL, '2001', NULL, 'Selecciona...', 47, 1, 5, '2021-07-29 08:22:09', '2021-07-29 12:21:24'),
	(152, 1, 'TEMPLEX', 'Riel Superior', 'images/productoDefault.png', 95.00, 'Champagne', NULL, NULL, '2001', NULL, 'Selecciona...', 48, 1, 5, '2021-07-29 12:28:59', '2021-07-29 12:41:09'),
	(153, 1, 'TEMPLEX', 'Riel Inferior', 'images/productoDefault.png', 95.00, 'Champagne', NULL, NULL, '2002', NULL, 'Selecciona...', 48, 1, 5, '2021-07-29 12:29:23', '2021-07-29 12:41:18'),
	(154, 1, 'TEMPLEX', 'Cabezal', 'images/productoDefault.png', 90.00, 'Champagne', NULL, NULL, '2004', NULL, 'Selecciona...', 48, 1, 5, '2021-07-29 12:29:41', '2021-07-29 12:41:26'),
	(155, 4, 'TEMPLEX', 'Riel Inferior', 'images/productoDefault.png', 93.00, 'Natural', NULL, NULL, '2002', NULL, 'Selecciona...', 49, 1, 5, '2021-07-29 13:21:08', '2021-07-29 13:47:29'),
	(156, 7, 'TEMPLEX', 'Pierna', 'images/productoDefault.png', 104.00, 'Natural', NULL, NULL, '2510', NULL, 'Selecciona...', 49, 1, 13, '2021-07-29 13:22:19', '2021-07-29 13:47:49'),
	(157, 4, 'TEMPLEX', 'Riel Superior', 'images/productoDefault.png', 95.00, 'Champagne', NULL, NULL, '2001', NULL, 'Selecciona...', 50, 1, 5, '2021-07-29 13:59:51', '2021-07-29 14:00:56'),
	(158, 3, 'TEMPLEX', 'Riel Inferior', 'images/productoDefault.png', 96.00, 'Champagne', NULL, NULL, '2002', NULL, 'Selecciona...', 50, 1, 5, '2021-07-29 14:00:13', '2021-07-29 14:01:05'),
	(159, 3, 'TEMPLEX', 'Jamba', 'images/productoDefault.png', NULL, 'Bronce', NULL, NULL, '2009', NULL, 'Selecciona...', 49, 1, 5, '2021-07-29 14:48:54', '2021-07-29 14:48:54'),
	(160, 3, 'TEMPLEX', 'Riel Superior', 'images/productoDefault.png', 98.00, 'Champagne', NULL, NULL, '2001', NULL, 'Selecciona...', 51, 1, 5, '2021-07-29 15:27:51', '2021-07-29 15:28:41'),
	(161, 3, 'TEMPLEX', 'Riel Inferior', 'images/productoDefault.png', 104.00, 'Champagne', NULL, NULL, '2002', NULL, 'Selecciona...', 51, 1, 5, '2021-07-29 15:28:07', '2021-07-29 15:29:11'),
	(162, 2, 'TEMPLEX', 'Jamba', 'images/productoDefault.png', 95.00, 'Champagne', NULL, NULL, '2009', NULL, 'Selecciona...', 51, 1, 5, '2021-07-29 15:28:30', '2021-07-29 15:29:21'),
	(163, 7, 'TEMPLEX', 'Riel Superior', 'images/productoDefault.png', 105.00, 'Champagne', NULL, NULL, '2001', NULL, 'Selecciona...', 52, 1, 5, '2021-07-29 15:48:29', '2021-07-29 15:49:53'),
	(164, 4, 'TEMPLEX', 'Riel Inferior', 'images/productoDefault.png', 100.00, 'Champagne', NULL, NULL, '2002', NULL, 'Selecciona...', 52, 1, 5, '2021-07-29 15:48:44', '2021-07-29 15:50:04'),
	(166, 3, 'TEMPLEX', 'Riel Superior', 'images/productoDefault.png', NULL, 'Negro', NULL, NULL, '2001', NULL, 'Selecciona...', 49, 1, 5, '2021-07-29 19:30:35', '2021-07-29 19:30:35'),
	(167, 10, 'TEMPLEX', 'Jamba', 'images/productoDefault.png', NULL, 'Bronce', NULL, NULL, '2009', NULL, 'Selecciona...', 49, 1, 5, '2021-07-29 20:11:35', '2021-07-29 20:11:35'),
	(168, 5, 'TEMPLEX', 'Jamba', 'images/productoDefault.png', NULL, 'Natural', NULL, NULL, '2009', NULL, 'Selecciona...', 49, 1, 5, '2021-07-29 20:21:12', '2021-07-29 20:21:12'),
	(169, 8, 'TEMPLEX', 'Riel Superior', 'images/productoDefault.png', NULL, 'Bronce', NULL, NULL, '2001', NULL, 'Selecciona...', 49, 1, 5, '2021-07-29 20:42:38', '2021-07-29 20:42:38'),
	(170, 5, 'TEMPLEX', 'Riel Superior', 'images/productoDefault.png', NULL, 'Champagne', NULL, NULL, '2001', NULL, 'Selecciona...', 49, 1, 5, '2021-07-29 20:47:26', '2021-07-29 20:47:26'),
	(171, 5, 'TEMPLEX', 'Riel Superior', 'images/productoDefault.png', 105.00, 'Natural', NULL, NULL, '2001', NULL, 'Selecciona...', 56, 1, 5, '2021-07-30 13:38:54', '2021-07-30 13:41:27'),
	(172, 5, 'TEMPLEX', 'Riel Inferior', 'images/productoDefault.png', 100.00, 'Natural', NULL, NULL, '2002', NULL, 'Selecciona...', 56, 1, 5, '2021-07-30 13:39:24', '2021-07-30 13:41:36'),
	(173, 10, 'TEMPLEX', 'Riel Superior', 'images/productoDefault.png', 65.00, 'Natural', NULL, NULL, '2001', NULL, 'Selecciona...', 57, 1, 5, '2021-07-30 14:31:30', '2021-07-30 14:32:23'),
	(174, 2, 'TEMPLEX', 'Cabezal', 'images/productoDefault.png', 100.00, 'Bronce', NULL, NULL, '2004', NULL, 'Selecciona...', 58, 1, 5, '2021-07-30 19:28:27', '2021-07-31 14:39:50'),
	(175, 5, 'ALUCOBOL', 'angular  12x12x07', 'images/productoDefault.png', 12.00, 'Natural', NULL, NULL, '600a', NULL, 'Selecciona...', 59, 1, 12, '2021-07-30 20:18:03', '2021-07-30 20:19:03'),
	(176, 4, 'TEMPLEX', 'Riel Superior', 'images/productoDefault.png', NULL, 'Champagne', NULL, NULL, '2001', NULL, 'Selecciona...', 53, 1, 5, '2021-07-31 21:44:03', '2021-07-31 21:44:03'),
	(177, 3, 'TEMPLEX', 'Riel Inferior', 'images/productoDefault.png', NULL, 'Champagne', NULL, NULL, '2002', NULL, 'Selecciona...', 53, 1, 5, '2021-07-31 21:44:19', '2021-07-31 21:44:19'),
	(178, 4, 'TEMPLEX', 'Cabezal', 'images/productoDefault.png', NULL, 'Champagne', NULL, NULL, '2004', NULL, 'Selecciona...', 53, 1, 5, '2021-07-31 21:44:41', '2021-07-31 21:44:41'),
	(179, 5, 'TEMPLEX', 'Zocalo', 'images/productoDefault.png', NULL, 'Champagne', NULL, NULL, '2005', NULL, 'Selecciona...', 53, 1, 5, '2021-07-31 21:44:57', '2021-07-31 21:44:57'),
	(180, 2, 'TEMPLEX', 'Jamba', 'images/productoDefault.png', NULL, 'Champagne', NULL, NULL, '2009', NULL, 'Selecciona...', 53, 1, 5, '2021-07-31 21:45:12', '2021-07-31 21:45:12'),
	(181, 3, 'TEMPLEX', 'Riel Superior', 'images/productoDefault.png', 95.00, 'Champagne', NULL, NULL, '2001', NULL, 'Selecciona...', 60, 1, 5, '2021-07-31 21:47:35', '2021-07-31 21:49:06'),
	(182, 3, 'TEMPLEX', 'Riel Inferior', 'images/productoDefault.png', 90.00, 'Champagne', NULL, NULL, '2002', NULL, 'Selecciona...', 60, 1, 5, '2021-07-31 21:47:58', '2021-07-31 21:49:15'),
	(184, 4, 'TEMPLEX', 'Zocalo', 'images/productoDefault.png', NULL, 'Champagne', NULL, NULL, '2005', NULL, 'Selecciona...', 60, 1, 5, '2021-07-31 21:50:04', '2021-07-31 21:50:04'),
	(185, 2, 'TEMPLEX', 'Jamba', 'images/productoDefault.png', NULL, 'Champagne', NULL, NULL, '2009', NULL, 'Selecciona...', 60, 1, 5, '2021-07-31 21:50:21', '2021-07-31 21:50:21'),
	(186, 2, 'TEMPLEX', 'Pierna', 'images/productoDefault.png', NULL, 'Champagne', NULL, NULL, '2010', NULL, 'Selecciona...', 60, 1, 5, '2021-07-31 21:50:36', '2021-07-31 21:50:36'),
	(187, 3, 'TEMPLEX', 'Pierna', 'images/productoDefault.png', 95.00, 'Champagne', NULL, NULL, '2010', NULL, 'Selecciona...', 61, 1, 5, '2021-07-31 21:51:44', '2021-07-31 21:52:31'),
	(188, 4, 'TEMPLEX', 'Zocalo', 'images/productoDefault.png', 87.00, 'Champagne', NULL, NULL, '2005', NULL, 'Selecciona...', 61, 1, 5, '2021-07-31 21:52:01', '2021-07-31 21:52:38'),
	(189, 2, 'TEMPLEX', 'Zocalo', 'images/productoDefault.png', NULL, 'Champagne', NULL, NULL, '2505', NULL, 'Selecciona...', 60, 1, 13, '2021-08-01 23:31:40', '2021-08-01 23:31:40'),
	(190, 2, 'TEMPLEX', 'Enganche', 'images/productoDefault.png', NULL, 'Champagne', NULL, NULL, '2507', NULL, 'Selecciona...', 60, 1, 13, '2021-08-01 23:31:56', '2021-08-01 23:31:56'),
	(191, 2, 'TEMPLEX', 'Riel Superior', 'images/productoDefault.png', 95.00, 'Champagne', NULL, NULL, '2001', NULL, 'Selecciona...', 62, 1, 5, '2021-08-01 23:35:32', '2021-08-01 23:39:50'),
	(192, 2, 'TEMPLEX', 'Riel Inferior', 'images/productoDefault.png', 94.00, 'Champagne', NULL, NULL, '2002', NULL, 'Selecciona...', 62, 1, 5, '2021-08-01 23:35:46', '2021-08-01 23:39:56'),
	(193, 2, 'TEMPLEX', 'Cabezal', 'images/productoDefault.png', 93.00, 'Champagne', NULL, NULL, '2004', NULL, 'Selecciona...', 62, 1, 5, '2021-08-01 23:36:05', '2021-08-01 23:40:03'),
	(194, 3, 'TEMPLEX', 'Riel Inferior', 'images/productoDefault.png', 100.00, 'Champagne', NULL, NULL, '2002', NULL, 'Selecciona...', 63, 1, 5, '2021-08-01 23:37:16', '2021-08-01 23:38:25'),
	(195, 10, 'TEMPLEX', 'Zocalo', 'images/productoDefault.png', 105.00, 'Champagne', NULL, NULL, '2005', NULL, 'Selecciona...', 63, 1, 5, '2021-08-01 23:37:34', '2021-08-01 23:38:32'),
	(196, 5, 'TEMPLEX', 'Riel Superior', 'images/productoDefault.png', 84.00, 'Champagne', NULL, NULL, '2501', NULL, 'Selecciona...', 64, 1, 5, '2021-08-02 14:48:43', '2021-08-02 21:32:11'),
	(197, 3, 'TEMPLEX', 'Riel Superior', 'images/productoDefault.png', 89.00, 'Champagne', NULL, NULL, '2001', NULL, 'Selecciona...', 65, 1, 5, '2021-08-02 21:29:27', '2021-08-02 21:30:09'),
	(198, 3, 'TEMPLEX', 'Riel Inferior', 'images/productoDefault.png', 90.00, 'Champagne', NULL, NULL, '2002', NULL, 'Selecciona...', 65, 1, 5, '2021-08-02 21:29:40', '2021-08-02 21:30:18'),
	(199, 4, 'TEMPLEX', 'Cabezal', 'images/productoDefault.png', 80.00, 'Champagne', NULL, NULL, '2004', NULL, 'Selecciona...', 65, 1, 5, '2021-08-02 21:30:01', '2021-08-02 21:30:28'),
	(200, 4, 'TEMPLEX', 'Zocalo', 'images/productoDefault.png', 95.00, 'Champagne', NULL, NULL, '2005', NULL, 'Selecciona...', 65, 1, 5, '2021-08-02 21:30:15', '2021-08-02 21:30:46'),
	(201, 2, 'TEMPLEX', 'Riel Superior', 'images/productoDefault.png', 90.00, 'Champagne', NULL, NULL, '2001', NULL, 'Selecciona...', 66, 1, 5, '2021-08-02 21:53:04', '2021-08-02 21:57:54'),
	(202, 2, 'TEMPLEX', 'Riel Inferior', 'images/productoDefault.png', 85.00, 'Champagne', NULL, NULL, '2002', NULL, 'Selecciona...', 66, 1, 5, '2021-08-02 21:53:19', '2021-08-02 21:58:04'),
	(203, 4, 'TEMPLEX', 'Cabezal', 'images/productoDefault.png', 75.00, 'Champagne', NULL, NULL, '2004', NULL, 'Selecciona...', 66, 1, 5, '2021-08-02 21:53:35', '2021-08-02 21:58:14'),
	(204, 4, 'TEMPLEX', 'Zocalo', 'images/productoDefault.png', 90.00, 'Champagne', NULL, NULL, '2005', NULL, 'Selecciona...', 66, 1, 5, '2021-08-02 21:53:50', '2021-08-02 21:58:23'),
	(205, 2, 'TEMPLEX', 'Jamba', 'images/productoDefault.png', 87.00, 'Champagne', NULL, NULL, '2009', NULL, 'Selecciona...', 66, 1, 5, '2021-08-02 21:54:04', '2021-08-02 21:58:30'),
	(206, 1, 'TEMPLEX', 'Riel Superior', 'images/productoDefault.png', 87.00, 'Champagne', NULL, NULL, '2001', NULL, 'Selecciona...', 67, 1, 5, '2021-08-02 22:46:17', '2021-08-02 22:48:19'),
	(207, 1, 'TEMPLEX', 'Riel Inferior', 'images/productoDefault.png', 80.00, 'Champagne', NULL, NULL, '2002', NULL, 'Selecciona...', 67, 1, 5, '2021-08-02 22:46:35', '2021-08-02 22:48:35'),
	(208, 1, 'TEMPLEX', 'Cabezal', 'images/productoDefault.png', 75.00, 'Champagne', NULL, NULL, '2004', NULL, 'Selecciona...', 67, 1, 5, '2021-08-02 22:46:56', '2021-08-02 22:48:45'),
	(209, 1, 'TEMPLEX', 'Zocalo', 'images/productoDefault.png', 80.00, 'Champagne', NULL, NULL, '2005', NULL, 'Selecciona...', 67, 1, 5, '2021-08-02 22:47:14', '2021-08-02 22:48:53'),
	(210, 1, 'TEMPLEX', 'Jamba', 'images/productoDefault.png', 84.00, 'Champagne', NULL, NULL, '2009', NULL, 'Selecciona...', 67, 1, 5, '2021-08-02 22:47:29', '2021-08-02 22:48:59'),
	(212, 5, 'TEMPLEX', 'Zocalo', 'images/productoDefault.png', NULL, 'Negro', NULL, NULL, '2005', NULL, 'Selecciona...', 49, 1, 5, '2021-08-03 00:51:45', '2021-08-03 00:51:45'),
	(213, 2, 'TEMPLEX', 'Pierna', 'images/productoDefault.png', 140.00, 'Champagne', NULL, NULL, '2510', NULL, 'Selecciona...', 68, 1, 13, '2021-08-03 18:27:04', '2021-08-03 18:29:16'),
	(214, 2, 'TEMPLEX', 'Riel Superior', 'images/productoDefault.png', 95.00, 'Natural', NULL, NULL, '2001', NULL, 'Selecciona...', 69, 1, 5, '2021-08-03 19:29:47', '2021-08-03 19:30:50'),
	(215, 2, 'TEMPLEX', 'Riel Inferior', 'images/productoDefault.png', 95.00, 'Natural', NULL, NULL, '2002', NULL, 'Selecciona...', 69, 1, 5, '2021-08-03 19:30:06', '2021-08-03 19:31:03'),
	(216, 2, 'TEMPLEX', 'Cabezal', 'images/productoDefault.png', 90.00, 'Natural', NULL, NULL, '2004', NULL, 'Selecciona...', 69, 1, 5, '2021-08-03 19:30:25', '2021-08-03 19:31:12'),
	(217, 2, 'TEMPLEX', 'Zocalo', 'images/productoDefault.png', 95.00, 'Natural', NULL, NULL, '2005', NULL, 'Selecciona...', 69, 1, 5, '2021-08-03 19:30:42', '2021-08-03 19:31:20'),
	(218, 2, 'TEMPLEX', 'Jamba', 'images/productoDefault.png', 95.00, 'Natural', NULL, NULL, '2009', NULL, 'Selecciona...', 69, 1, 5, '2021-08-03 19:31:00', '2021-08-03 19:31:29'),
	(219, 3, 'TEMPLEX', 'Riel Superior', 'images/productoDefault.png', 95.00, 'Natural', NULL, NULL, '2001', NULL, 'Selecciona...', 70, 1, 5, '2021-08-03 20:30:47', '2021-08-03 20:36:46'),
	(220, 3, 'TEMPLEX', 'Riel Inferior', 'images/productoDefault.png', 95.00, 'Natural', NULL, NULL, '2002', NULL, 'Selecciona...', 70, 1, 5, '2021-08-03 20:31:01', '2021-08-03 20:36:55'),
	(221, 3, 'TEMPLEX', 'Cabezal', 'images/productoDefault.png', 90.00, 'Natural', NULL, NULL, '2004', NULL, 'Selecciona...', 70, 1, 5, '2021-08-03 20:31:16', '2021-08-03 20:37:08'),
	(222, 3, 'TEMPLEX', 'Zocalo', 'images/productoDefault.png', 95.00, 'Natural', NULL, NULL, '2005', NULL, 'Selecciona...', 70, 1, 5, '2021-08-03 20:31:31', '2021-08-03 20:37:21'),
	(224, 3, 'TEMPLEX', 'Pierna', 'images/productoDefault.png', 95.00, 'Natural', NULL, NULL, '2010', NULL, 'Selecciona...', 70, 1, 5, '2021-08-03 20:32:06', '2021-08-03 20:37:29'),
	(225, 3, 'TEMPLEX', 'Enganche', 'images/productoDefault.png', 95.00, 'Natural', NULL, NULL, '2011', NULL, 'Selecciona...', 70, 1, 5, '2021-08-03 20:32:21', '2021-08-03 20:37:37'),
	(226, 4, 'TEMPLEX', 'Riel Superior', 'images/productoDefault.png', NULL, 'Champagne', NULL, NULL, '2001', NULL, 'Selecciona...', 64, 1, 5, '2021-08-03 20:50:54', '2021-08-03 20:50:54'),
	(227, 3, 'TEMPLEX', 'Riel Superior', 'images/productoDefault.png', NULL, 'Champagne', NULL, NULL, '2001', NULL, 'Selecciona...', 64, 1, 5, '2021-08-03 20:51:42', '2021-08-03 20:51:42'),
	(228, 3, 'TEMPLEX', 'Jamba', 'images/productoDefault.png', NULL, 'Champagne', NULL, NULL, '2009', NULL, 'Selecciona...', 64, 1, 5, '2021-08-03 20:51:56', '2021-08-03 20:51:56'),
	(229, 1, 'TEMPLEX', 'Riel Superior', 'images/productoDefault.png', 95.00, 'Champagne', NULL, NULL, '2001', NULL, 'Selecciona...', 71, 1, 5, '2021-08-03 21:12:03', '2021-08-03 21:14:06'),
	(230, 1, 'TEMPLEX', 'Riel Inferior', 'images/productoDefault.png', 95.00, 'Champagne', NULL, NULL, '2002', NULL, 'Selecciona...', 71, 1, 5, '2021-08-03 21:12:26', '2021-08-03 21:14:14'),
	(231, 1, 'TEMPLEX', 'Cabezal', 'images/productoDefault.png', 95.00, 'Champagne', NULL, NULL, '2004', NULL, 'Selecciona...', 71, 1, 5, '2021-08-03 21:12:44', '2021-08-03 21:14:21'),
	(232, 1, 'TEMPLEX', 'Zocalo', 'images/productoDefault.png', 95.00, 'Champagne', NULL, NULL, '2005', NULL, 'Selecciona...', 71, 1, 5, '2021-08-03 21:13:02', '2021-08-03 21:14:32'),
	(233, 1, 'TEMPLEX', 'Jamba', 'images/productoDefault.png', 95.00, 'Champagne', NULL, NULL, '2009', NULL, 'Selecciona...', 71, 1, 5, '2021-08-03 21:13:18', '2021-08-03 21:14:39'),
	(235, 6, 'TEMPLEX', 'Cabezal', 'images/productoDefault.png', NULL, 'Champagne', NULL, NULL, '2004', NULL, 'Selecciona...', 49, 1, 5, '2021-08-04 20:46:02', '2021-08-04 20:46:02'),
	(236, 4, 'TEMPLEX', 'Riel Superior', 'images/productoDefault.png', NULL, 'Champagne', NULL, NULL, '2001', NULL, 'Selecciona...', 72, 1, 5, '2021-08-04 22:22:49', '2021-08-04 22:22:49'),
	(237, 3, 'TEMPLEX', 'Riel Superior', 'images/productoDefault.png', 95.00, 'Champagne', NULL, NULL, '2001', NULL, 'Selecciona...', 75, 1, 5, '2021-08-05 22:02:13', '2021-08-05 22:04:56'),
	(238, 3, 'TEMPLEX', 'Riel Inferior', 'images/productoDefault.png', 93.00, 'Champagne', NULL, NULL, '2002', NULL, 'Selecciona...', 75, 1, 5, '2021-08-05 22:02:31', '2021-08-05 22:05:33'),
	(239, 3, 'TEMPLEX', 'Cabezal', 'images/productoDefault.png', 85.00, 'Champagne', NULL, NULL, '2004', NULL, 'Selecciona...', 75, 1, 5, '2021-08-05 22:02:49', '2021-08-05 22:05:42'),
	(240, 3, 'TEMPLEX', 'Zocalo', 'images/productoDefault.png', 94.00, 'Champagne', NULL, NULL, '2005', NULL, 'Selecciona...', 75, 1, 5, '2021-08-05 22:03:08', '2021-08-05 22:05:56'),
	(241, 8, 'TEMPLEX', 'Jamba', 'images/productoDefault.png', NULL, 'Champagne', NULL, NULL, '2009', NULL, 'Selecciona...', 73, 1, 5, '2021-08-06 20:10:06', '2021-08-06 20:10:06'),
	(242, 3, 'TEMPLEX', 'Enganche', 'images/productoDefault.png', NULL, 'Negro', NULL, NULL, '2011', NULL, 'Selecciona...', 76, 1, 5, '2021-08-07 04:07:04', '2021-08-07 04:07:04'),
	(243, 1, 'TEMPLEX', 'Riel Superior', 'images/productoDefault.png', NULL, 'Champagne', NULL, NULL, '2001', NULL, 'Selecciona...', 77, 1, 5, '2021-08-07 04:32:47', '2021-08-07 04:32:47'),
	(244, 4, 'TRENDY HOME', 'Zocalo superior', 'images/productoDefault.png', 10.00, 'Natural', NULL, NULL, '1101', NULL, 'Selecciona...', 79, 2, 17, '2021-08-11 19:51:44', '2021-08-11 19:53:29'),
	(245, 5, 'TEMPLEX', 'Riel Superior', 'images/productoDefault.png', NULL, 'Natural', NULL, NULL, '2001', NULL, 'Selecciona...', 78, 1, 5, '2021-08-11 19:57:45', '2021-08-11 19:57:45'),
	(246, 6, 'TRENDY HOME', 'Zocalo superior', 'images/productoDefault.png', 10.00, 'Natural', NULL, NULL, '1101', NULL, 'Selecciona...', 80, 2, 17, '2021-08-11 19:58:32', '2021-08-11 19:59:17'),
	(247, 2, 'TRENDY HOME', 'Zocalo superior', 'images/productoDefault.png', NULL, 'Natural', NULL, NULL, '1101', NULL, 'Selecciona...', 81, 2, 17, '2021-08-12 01:13:31', '2021-08-12 01:13:31'),
	(248, 1, 'TEMPLEX', 'Riel Superior', 'images/productoDefault.png', NULL, 'Natural', NULL, NULL, '2001', NULL, 'Selecciona...', 82, 1, 5, '2021-08-12 01:15:32', '2021-08-12 01:15:32'),
	(249, 1, 'TEMPLEX', 'Zocalo', 'images/productoDefault.png', NULL, 'Natural', NULL, NULL, '2005', NULL, 'Selecciona...', 82, 1, 5, '2021-08-12 01:16:13', '2021-08-12 01:16:13'),
	(250, 3, 'TEMPLEX', 'Riel Superior', 'images/productoDefault.png', NULL, 'Natural', NULL, NULL, '2001', NULL, 'Selecciona...', 83, 1, 5, '2021-08-12 19:15:40', '2021-08-12 19:15:40'),
	(251, 3, 'TEMPLEX', 'Riel Superior', 'images/productoDefault.png', NULL, 'Natural', NULL, NULL, '2501', NULL, 'Selecciona...', 84, 1, 5, '2021-08-12 19:18:22', '2021-08-12 19:18:22'),
	(252, 3, 'TEMPLEX', 'Riel Superior', 'images/productoDefault.png', NULL, 'Natural', NULL, NULL, '2501', NULL, 'Selecciona...', 85, 1, 5, '2021-08-12 19:27:33', '2021-08-12 19:27:33'),
	(253, 5, 'TEMPLEX', 'Riel Inferior', 'images/productoDefault.png', NULL, 'Natural', NULL, NULL, '2502', NULL, 'Selecciona...', 85, 1, 13, '2021-08-12 19:28:03', '2021-08-12 19:28:03'),
	(254, 9, 'TEMPLEX', 'Cabezal', 'images/productoDefault.png', NULL, 'Natural', NULL, NULL, '2504', NULL, 'Selecciona...', 85, 1, 13, '2021-08-12 19:28:48', '2021-08-12 19:28:48');
/*!40000 ALTER TABLE `carrito_detalles` ENABLE KEYS */;

-- Volcando estructura para tabla aluminiobd.categorias
CREATE TABLE IF NOT EXISTS `categorias` (
  `id` bigint(20) unsigned NOT NULL AUTO_INCREMENT,
  `nombre` varchar(255) COLLATE utf8mb4_unicode_ci NOT NULL,
  `descripcion` varchar(255) COLLATE utf8mb4_unicode_ci DEFAULT NULL,
  `user` varchar(255) COLLATE utf8mb4_unicode_ci DEFAULT NULL,
  `deleted_at` timestamp NULL DEFAULT NULL,
  `created_at` timestamp NULL DEFAULT NULL,
  `updated_at` timestamp NULL DEFAULT NULL,
  PRIMARY KEY (`id`)
) ENGINE=InnoDB AUTO_INCREMENT=3 DEFAULT CHARSET=utf8mb4 COLLATE=utf8mb4_unicode_ci;

-- Volcando datos para la tabla aluminiobd.categorias: ~2 rows (aproximadamente)
/*!40000 ALTER TABLE `categorias` DISABLE KEYS */;
INSERT INTO `categorias` (`id`, `nombre`, `descripcion`, `user`, `deleted_at`, `created_at`, `updated_at`) VALUES
	(1, 'Perfiles de Aluminio', NULL, 'admin', NULL, '2021-06-25 03:24:11', '2021-07-04 23:18:27'),
	(2, 'Accesorios', NULL, 'admin', NULL, '2021-08-11 13:54:30', '2021-08-11 13:54:30');
/*!40000 ALTER TABLE `categorias` ENABLE KEYS */;

-- Volcando estructura para tabla aluminiobd.contactanos
CREATE TABLE IF NOT EXISTS `contactanos` (
  `id` bigint(20) unsigned NOT NULL AUTO_INCREMENT,
  `nombre` varchar(50) COLLATE utf8mb4_unicode_ci DEFAULT NULL,
  `ciudad` varchar(50) COLLATE utf8mb4_unicode_ci DEFAULT NULL,
  `telefono` varchar(50) COLLATE utf8mb4_unicode_ci DEFAULT NULL,
  `whatsapp` varchar(50) COLLATE utf8mb4_unicode_ci DEFAULT NULL,
  `created_at` timestamp NULL DEFAULT NULL,
  `updated_at` timestamp NULL DEFAULT NULL,
  PRIMARY KEY (`id`)
) ENGINE=InnoDB AUTO_INCREMENT=15 DEFAULT CHARSET=utf8mb4 COLLATE=utf8mb4_unicode_ci;

-- Volcando datos para la tabla aluminiobd.contactanos: ~5 rows (aproximadamente)
/*!40000 ALTER TABLE `contactanos` DISABLE KEYS */;
INSERT INTO `contactanos` (`id`, `nombre`, `ciudad`, `telefono`, `whatsapp`, `created_at`, `updated_at`) VALUES
	(9, 'Marco', 'La-Paz', '67046196', NULL, '2021-07-04 22:25:08', '2021-07-04 22:25:08'),
	(10, 'Liber', 'Cochabamba', '74101455', NULL, '2021-07-04 22:27:21', '2021-07-04 22:27:21'),
	(12, 'Oscar', 'Tarija', '79267721', NULL, '2021-07-08 23:15:07', '2021-07-08 23:15:07'),
	(13, 'Alejandro', 'Sucre', '67135787', NULL, '2021-07-14 02:47:11', '2021-07-14 02:47:11'),
	(14, 'Jose', 'Santa-Cruz', '75974530', NULL, '2021-07-28 20:13:24', '2021-07-28 20:13:24');
/*!40000 ALTER TABLE `contactanos` ENABLE KEYS */;

-- Volcando estructura para tabla aluminiobd.failed_jobs
CREATE TABLE IF NOT EXISTS `failed_jobs` (
  `id` bigint(20) unsigned NOT NULL AUTO_INCREMENT,
  `connection` text COLLATE utf8mb4_unicode_ci NOT NULL,
  `queue` text COLLATE utf8mb4_unicode_ci NOT NULL,
  `payload` longtext COLLATE utf8mb4_unicode_ci NOT NULL,
  `exception` longtext COLLATE utf8mb4_unicode_ci NOT NULL,
  `failed_at` timestamp NOT NULL DEFAULT CURRENT_TIMESTAMP,
  PRIMARY KEY (`id`)
) ENGINE=InnoDB DEFAULT CHARSET=utf8mb4 COLLATE=utf8mb4_unicode_ci;

-- Volcando datos para la tabla aluminiobd.failed_jobs: ~0 rows (aproximadamente)
/*!40000 ALTER TABLE `failed_jobs` DISABLE KEYS */;
/*!40000 ALTER TABLE `failed_jobs` ENABLE KEYS */;

-- Volcando estructura para tabla aluminiobd.favoritos
CREATE TABLE IF NOT EXISTS `favoritos` (
  `id` bigint(20) unsigned NOT NULL AUTO_INCREMENT,
  `nombre` varchar(255) COLLATE utf8mb4_unicode_ci DEFAULT NULL,
  `precio` double(8,2) NOT NULL,
  `color` varchar(255) COLLATE utf8mb4_unicode_ci DEFAULT NULL,
  `confirmacion` enum('true','false') COLLATE utf8mb4_unicode_ci NOT NULL,
  `codigo` varchar(255) COLLATE utf8mb4_unicode_ci DEFAULT NULL,
  `imagen` varchar(255) COLLATE utf8mb4_unicode_ci DEFAULT NULL,
  `importadora` varchar(255) COLLATE utf8mb4_unicode_ci DEFAULT NULL,
  `user_id` bigint(20) unsigned NOT NULL,
  `productos_id` bigint(20) unsigned NOT NULL,
  `deleted_at` timestamp NULL DEFAULT NULL,
  `created_at` timestamp NULL DEFAULT NULL,
  `updated_at` timestamp NULL DEFAULT NULL,
  PRIMARY KEY (`id`),
  KEY `favoritos_user_id_foreign` (`user_id`),
  KEY `favoritos_productos_id_foreign` (`productos_id`),
  CONSTRAINT `favoritos_productos_id_foreign` FOREIGN KEY (`productos_id`) REFERENCES `productos` (`id`) ON DELETE CASCADE,
  CONSTRAINT `favoritos_user_id_foreign` FOREIGN KEY (`user_id`) REFERENCES `users` (`id`) ON DELETE CASCADE
) ENGINE=InnoDB AUTO_INCREMENT=4 DEFAULT CHARSET=utf8mb4 COLLATE=utf8mb4_unicode_ci;

-- Volcando datos para la tabla aluminiobd.favoritos: ~0 rows (aproximadamente)
/*!40000 ALTER TABLE `favoritos` DISABLE KEYS */;
/*!40000 ALTER TABLE `favoritos` ENABLE KEYS */;

-- Volcando estructura para tabla aluminiobd.hoja_calculos
CREATE TABLE IF NOT EXISTS `hoja_calculos` (
  `id` bigint(20) unsigned NOT NULL AUTO_INCREMENT,
  `estado` varchar(50) COLLATE utf8_spanish_ci NOT NULL,
  `total` double(12,3) DEFAULT NULL,
  `user_id` bigint(20) unsigned DEFAULT NULL,
  `updated_at` datetime DEFAULT NULL,
  `created_at` datetime DEFAULT NULL,
  `delete_at` datetime DEFAULT NULL,
  PRIMARY KEY (`id`),
  KEY `user_id` (`user_id`),
  CONSTRAINT `FK_hoja_calculo_users` FOREIGN KEY (`user_id`) REFERENCES `users` (`id`) ON DELETE CASCADE ON UPDATE CASCADE
) ENGINE=InnoDB AUTO_INCREMENT=124 DEFAULT CHARSET=utf8 COLLATE=utf8_spanish_ci;

-- Volcando datos para la tabla aluminiobd.hoja_calculos: ~74 rows (aproximadamente)
/*!40000 ALTER TABLE `hoja_calculos` DISABLE KEYS */;
INSERT INTO `hoja_calculos` (`id`, `estado`, `total`, `user_id`, `updated_at`, `created_at`, `delete_at`) VALUES
	(49, 'true', NULL, 55, '2021-07-26 02:15:56', '2021-07-26 02:11:17', NULL),
	(50, 'true', NULL, 55, '2021-07-26 16:14:05', '2021-07-26 16:12:06', NULL),
	(51, 'true', NULL, 55, '2021-07-27 13:51:51', '2021-07-26 16:15:56', NULL),
	(52, 'true', NULL, 59, '2021-07-26 19:40:51', '2021-07-26 19:38:07', NULL),
	(53, 'false', NULL, 63, '2021-07-26 20:11:07', '2021-07-26 20:11:07', NULL),
	(54, 'true', NULL, 68, '2021-07-27 02:13:23', '2021-07-27 02:07:31', NULL),
	(55, 'true', NULL, 68, '2021-07-27 02:18:20', '2021-07-27 02:14:09', NULL),
	(56, 'true', NULL, 55, '2021-07-27 13:53:52', '2021-07-27 13:52:00', NULL),
	(57, 'true', NULL, 59, '2021-07-27 13:57:51', '2021-07-27 13:52:28', NULL),
	(58, 'true', NULL, 76, '2021-07-27 20:50:28', '2021-07-27 20:46:52', NULL),
	(59, 'true', NULL, 68, '2021-07-28 02:38:34', '2021-07-28 01:16:49', NULL),
	(61, 'true', NULL, 68, '2021-07-28 11:21:24', '2021-07-28 11:19:31', NULL),
	(62, 'true', NULL, 55, '2021-07-28 14:49:37', '2021-07-28 14:47:16', NULL),
	(63, 'true', NULL, 55, '2021-07-28 15:01:05', '2021-07-28 14:58:41', NULL),
	(64, 'true', NULL, 55, '2021-07-28 15:30:02', '2021-07-28 15:27:59', NULL),
	(65, 'false', NULL, 84, '2021-07-28 15:29:22', '2021-07-28 15:29:22', NULL),
	(66, 'true', NULL, 55, '2021-07-29 13:17:30', '2021-07-28 15:39:15', NULL),
	(67, 'true', NULL, 59, '2021-07-28 16:19:54', '2021-07-28 16:17:05', NULL),
	(68, 'true', NULL, 59, '2021-07-28 19:44:18', '2021-07-28 19:32:46', NULL),
	(69, 'true', NULL, 87, '2021-07-28 19:44:12', '2021-07-28 19:32:47', NULL),
	(70, 'true', NULL, 68, '2021-07-29 14:30:44', '2021-07-28 21:13:17', NULL),
	(71, 'true', NULL, 87, '2021-07-29 12:25:32', '2021-07-29 12:19:16', NULL),
	(72, 'true', NULL, 55, '2021-07-29 14:47:24', '2021-07-29 13:17:51', NULL),
	(73, 'true', NULL, 55, '2021-07-29 15:35:25', '2021-07-29 14:47:32', NULL),
	(74, 'true', NULL, 87, '2021-07-31 21:41:40', '2021-07-29 15:21:01', NULL),
	(75, 'true', NULL, 59, '2021-07-29 15:46:08', '2021-07-29 15:44:27', NULL),
	(76, 'true', NULL, 93, '2021-07-29 15:53:59', '2021-07-29 15:49:14', NULL),
	(77, 'true', NULL, 55, '2021-07-29 19:29:00', '2021-07-29 19:27:08', NULL),
	(78, 'false', NULL, 96, '2021-07-29 19:39:55', '2021-07-29 19:39:55', NULL),
	(79, 'true', NULL, 55, '2021-07-29 19:42:45', '2021-07-29 19:40:40', NULL),
	(80, 'true', NULL, 55, '2021-07-29 19:48:46', '2021-07-29 19:46:54', NULL),
	(81, 'true', NULL, 55, '2021-07-29 20:10:36', '2021-07-29 20:02:46', NULL),
	(82, 'true', NULL, 55, '2021-07-29 20:20:32', '2021-07-29 20:19:05', NULL),
	(83, 'true', NULL, 55, '2021-07-29 20:25:47', '2021-07-29 20:24:06', NULL),
	(84, 'true', NULL, 55, '2021-07-29 20:30:14', '2021-07-29 20:28:54', NULL),
	(85, 'true', NULL, 55, '2021-07-29 20:41:41', '2021-07-29 20:40:01', NULL),
	(86, 'false', NULL, 99, '2021-07-29 20:42:28', '2021-07-29 20:42:28', NULL),
	(87, 'true', NULL, 55, '2021-07-29 20:46:30', '2021-07-29 20:45:12', NULL),
	(88, 'false', NULL, 57, '2021-07-30 00:32:50', '2021-07-30 00:32:50', NULL),
	(89, 'true', NULL, 68, '2021-07-30 01:07:38', '2021-07-30 01:03:34', NULL),
	(90, 'true', NULL, 68, '2021-07-30 01:30:27', '2021-07-30 01:08:33', NULL),
	(91, 'true', NULL, 59, '2021-07-30 13:35:35', '2021-07-30 13:33:13', NULL),
	(92, 'false', NULL, 93, '2021-07-30 15:09:44', '2021-07-30 15:09:44', NULL),
	(93, 'true', NULL, 59, '2021-07-30 19:24:51', '2021-07-30 16:25:20', NULL),
	(94, 'true', NULL, 60, '2021-07-30 20:17:28', '2021-07-30 20:13:38', NULL),
	(95, 'true', NULL, 59, '2021-08-02 14:41:02', '2021-08-02 14:39:23', NULL),
	(96, 'false', NULL, 83, '2021-08-02 14:39:52', '2021-08-02 14:39:52', NULL),
	(97, 'true', NULL, 68, '2021-08-02 18:38:00', '2021-08-02 18:36:27', NULL),
	(98, 'true', NULL, 68, '2021-08-02 19:15:44', '2021-08-02 19:14:23', NULL),
	(99, 'true', NULL, 55, '2021-08-03 00:47:53', '2021-08-03 00:43:38', NULL),
	(100, 'true', NULL, 55, '2021-08-04 20:33:40', '2021-08-03 00:48:24', NULL),
	(101, 'true', NULL, 59, '2021-08-03 15:41:40', '2021-08-03 15:20:20', NULL),
	(102, 'true', NULL, 113, '2021-08-03 18:23:55', '2021-08-03 18:19:24', NULL),
	(103, 'true', NULL, 59, '2021-08-03 20:45:48', '2021-08-03 20:43:13', NULL),
	(104, 'true', NULL, 113, '2021-08-04 13:25:51', '2021-08-04 13:23:58', NULL),
	(105, 'true', NULL, 55, '2021-08-04 20:44:06', '2021-08-04 20:41:19', NULL),
	(106, 'true', NULL, 59, '2021-08-04 22:19:32', '2021-08-04 22:14:44', NULL),
	(107, 'true', NULL, 118, '2021-08-05 02:04:11', '2021-08-05 02:02:07', NULL),
	(108, 'false', NULL, 118, '2021-08-05 02:04:27', '2021-08-05 02:04:27', NULL),
	(109, 'false', NULL, 123, '2021-08-05 21:52:01', '2021-08-05 21:52:01', NULL),
	(110, 'true', NULL, 59, '2021-08-05 22:00:57', '2021-08-05 21:53:21', NULL),
	(111, 'true', NULL, 59, '2021-08-05 23:19:16', '2021-08-05 22:35:36', NULL),
	(112, 'true', NULL, 59, '2021-08-07 03:56:51', '2021-08-07 03:51:11', NULL),
	(113, 'true', NULL, 59, '2021-08-09 18:05:57', '2021-08-07 04:22:25', NULL),
	(114, 'true', NULL, 128, '2021-08-09 00:58:50', '2021-08-09 00:54:25', NULL),
	(115, 'true', NULL, 55, '2021-08-09 22:58:01', '2021-08-09 22:55:59', NULL),
	(116, 'false', NULL, 128, '2021-08-11 01:28:06', '2021-08-11 01:28:06', NULL),
	(117, 'true', NULL, 59, '2021-08-11 20:07:24', '2021-08-11 20:05:23', NULL),
	(118, 'true', NULL, 59, '2021-08-12 01:09:33', '2021-08-12 01:05:50', NULL),
	(119, 'false', NULL, 120, '2021-08-12 02:37:06', '2021-08-12 02:37:06', NULL),
	(120, 'true', NULL, 1, '2021-08-14 01:27:11', '2021-08-14 01:26:14', NULL),
	(121, 'true', NULL, 59, '2021-08-16 14:36:03', '2021-08-16 14:34:02', NULL),
	(122, 'true', NULL, 59, '2021-10-01 15:43:06', '2021-08-24 23:51:16', NULL),
	(123, 'false', NULL, 1, '2021-10-17 17:34:07', '2021-10-17 17:34:07', NULL);
/*!40000 ALTER TABLE `hoja_calculos` ENABLE KEYS */;

-- Volcando estructura para tabla aluminiobd.hoja_calculo_perfils
CREATE TABLE IF NOT EXISTS `hoja_calculo_perfils` (
  `id` bigint(20) unsigned NOT NULL AUTO_INCREMENT,
  `estado` varchar(50) COLLATE utf8_spanish_ci NOT NULL,
  `user_id` bigint(20) unsigned NOT NULL,
  `updated_at` datetime DEFAULT NULL,
  `created_at` datetime DEFAULT NULL,
  `delete_at` datetime DEFAULT NULL,
  PRIMARY KEY (`id`),
  KEY `user_id` (`user_id`),
  CONSTRAINT `FK_hoja_calculo_perfils_users` FOREIGN KEY (`user_id`) REFERENCES `users` (`id`)
) ENGINE=InnoDB AUTO_INCREMENT=2 DEFAULT CHARSET=utf8 COLLATE=utf8_spanish_ci;

-- Volcando datos para la tabla aluminiobd.hoja_calculo_perfils: ~0 rows (aproximadamente)
/*!40000 ALTER TABLE `hoja_calculo_perfils` DISABLE KEYS */;
INSERT INTO `hoja_calculo_perfils` (`id`, `estado`, `user_id`, `updated_at`, `created_at`, `delete_at`) VALUES
	(1, 'false', 1, '2021-10-17 18:28:32', '2021-10-17 18:28:32', NULL);
/*!40000 ALTER TABLE `hoja_calculo_perfils` ENABLE KEYS */;

-- Volcando estructura para tabla aluminiobd.migrations
CREATE TABLE IF NOT EXISTS `migrations` (
  `id` int(10) unsigned NOT NULL AUTO_INCREMENT,
  `migration` varchar(255) COLLATE utf8mb4_unicode_ci NOT NULL,
  `batch` int(11) NOT NULL,
  PRIMARY KEY (`id`)
) ENGINE=InnoDB AUTO_INCREMENT=22 DEFAULT CHARSET=utf8mb4 COLLATE=utf8mb4_unicode_ci;

-- Volcando datos para la tabla aluminiobd.migrations: ~21 rows (aproximadamente)
/*!40000 ALTER TABLE `migrations` DISABLE KEYS */;
INSERT INTO `migrations` (`id`, `migration`, `batch`) VALUES
	(1, '2014_10_11_000000_create_users_table', 1),
	(2, '2014_10_12_100000_create_password_resets_table', 1),
	(3, '2016_06_01_000001_create_oauth_auth_codes_table', 1),
	(4, '2016_06_01_000002_create_oauth_access_tokens_table', 1),
	(5, '2016_06_01_000003_create_oauth_refresh_tokens_table', 1),
	(6, '2016_06_01_000004_create_oauth_clients_table', 1),
	(7, '2016_06_01_000005_create_oauth_personal_access_clients_table', 1),
	(8, '2019_08_19_000000_create_failed_jobs_table', 1),
	(9, '2020_12_23_181825_create_categorias_table', 1),
	(10, '2021_01_04_014926_create_subcategorias_table', 1),
	(11, '2021_01_04_037311_create_productos_table', 1),
	(12, '2021_01_04_037317_create_favoritos_table', 1),
	(13, '2021_02_20_204303_create_subscripcions_table', 1),
	(14, '2021_02_20_204421_create_novedads_table', 1),
	(15, '2021_02_21_221458_create_pedidos_table', 1),
	(16, '2021_03_22_175213_create_pedido_realizados_table', 1),
	(17, '2021_03_22_193127_create_carritos_table', 1),
	(18, '2021_03_23_011606_create_carrito_detalles_table', 1),
	(19, '2021_04_02_211333_create_calculadoras_table', 1),
	(20, '2021_05_19_011117_create_calculadora_historials_table', 1),
	(21, '2021_06_08_210238_create_contactanos_table', 2);
/*!40000 ALTER TABLE `migrations` ENABLE KEYS */;

-- Volcando estructura para tabla aluminiobd.novedads
CREATE TABLE IF NOT EXISTS `novedads` (
  `id` bigint(20) unsigned NOT NULL AUTO_INCREMENT,
  `created_at` timestamp NULL DEFAULT NULL,
  `updated_at` timestamp NULL DEFAULT NULL,
  PRIMARY KEY (`id`)
) ENGINE=InnoDB DEFAULT CHARSET=utf8mb4 COLLATE=utf8mb4_unicode_ci;

-- Volcando datos para la tabla aluminiobd.novedads: ~0 rows (aproximadamente)
/*!40000 ALTER TABLE `novedads` DISABLE KEYS */;
/*!40000 ALTER TABLE `novedads` ENABLE KEYS */;

-- Volcando estructura para tabla aluminiobd.oauth_access_tokens
CREATE TABLE IF NOT EXISTS `oauth_access_tokens` (
  `id` varchar(100) COLLATE utf8mb4_unicode_ci NOT NULL,
  `user_id` bigint(20) unsigned DEFAULT NULL,
  `client_id` bigint(20) unsigned NOT NULL,
  `name` varchar(255) COLLATE utf8mb4_unicode_ci DEFAULT NULL,
  `scopes` text COLLATE utf8mb4_unicode_ci,
  `revoked` tinyint(1) NOT NULL,
  `created_at` timestamp NULL DEFAULT NULL,
  `updated_at` timestamp NULL DEFAULT NULL,
  `expires_at` datetime DEFAULT NULL,
  PRIMARY KEY (`id`),
  KEY `oauth_access_tokens_user_id_index` (`user_id`)
) ENGINE=InnoDB DEFAULT CHARSET=utf8mb4 COLLATE=utf8mb4_unicode_ci;

-- Volcando datos para la tabla aluminiobd.oauth_access_tokens: ~458 rows (aproximadamente)
/*!40000 ALTER TABLE `oauth_access_tokens` DISABLE KEYS */;
INSERT INTO `oauth_access_tokens` (`id`, `user_id`, `client_id`, `name`, `scopes`, `revoked`, `created_at`, `updated_at`, `expires_at`) VALUES
	('003bd813bf1f31cc5f0ff364546aa2388df34b83889e62e68562c6da4363b465071db7b4508e50b3', 1, 4, 'personal', '[]', 0, '2021-09-13 17:11:51', '2021-09-13 17:11:51', '2121-09-13 17:11:51'),
	('0130d20f5f94432ea4f2ccb6b39d655be28fc1545a7f223a40c4bbc76416fa545766e4ee83b38e56', 1, 4, 'personal', '[]', 0, '2021-04-29 16:09:23', '2021-04-29 16:09:23', '2121-04-29 16:09:22'),
	('024e1af2fc11263f1660e8be7bd6519ca87cb098b890d98620edd53e7565319cc659f2d3bc5adcaa', 2, 4, 'personal', '[]', 0, '2021-07-08 21:12:11', '2021-07-08 21:12:11', '2121-07-08 21:12:10'),
	('03599a05da8e1ea49c424a43e70b20f1f78544702fc522258fb5be72391e3a3753663b4888baceb1', 87, 4, 'personal', '[]', 0, '2021-07-29 15:51:29', '2021-07-29 15:51:29', '2121-07-29 15:51:29'),
	('03c3609feebf67d497e8f4215e31730b2c573c78bcc8a0d2c820ed6d1bfb86eb44930bc8923a344d', 59, 4, 'personal', '[]', 0, '2021-07-28 12:16:02', '2021-07-28 12:16:02', '2121-07-28 12:16:02'),
	('05b29ea8d20cf9af5af02694cacc4462020e91699bd65bd80a5a3fffdbfb96ae7f22b08002a7a849', 2, 4, 'personal', '[]', 0, '2021-07-06 18:59:32', '2021-07-06 18:59:32', '2121-07-06 18:59:32'),
	('05e57a7d9cc445da5e0c88087f88b5cf46183c57b561f0e03b3af7900a1c3fc8d6700efc7ccdc35b', 52, 4, 'personal', '[]', 0, '2021-07-14 00:19:51', '2021-07-14 00:19:51', '2121-07-14 00:19:51'),
	('060cac9d03fff9d401f6e7e3091db0ed2cb2bd84a71f7a67a5b8d9e8d6be9a78f95f2e66d542d71c', 55, 4, 'personal', '[]', 0, '2021-09-01 10:50:54', '2021-09-01 10:50:54', '2121-09-01 10:50:54'),
	('06bd0afba13dca022e89455a1f108c3b1f7cf96152520be8192ca6d839654fbfdb848ce89983fbbd', 2, 4, 'personal', '[]', 0, '2021-07-06 19:16:08', '2021-07-06 19:16:08', '2121-07-06 19:16:08'),
	('0a4d9bd53eda67f843e4fe015020d0bd3c2fe29edb4250e6950c24118005985ffbc9c3019aa7d64f', 83, 4, 'personal', '[]', 0, '2021-08-02 14:32:23', '2021-08-02 14:32:23', '2121-08-02 14:32:23'),
	('0a4ec16a09f39e1af6f74091de64a5f943b7d18c77239f3088a851bfee844a4fb5895cfa6aa49293', 2, 4, 'personal', '[]', 0, '2021-07-08 18:26:54', '2021-07-08 18:26:54', '2121-07-08 18:26:54'),
	('0a9fa0ad5af0c4f57952d33a37ca35ce1df9607489fa9d88acef69546116c0311f0f613f6da7b9fd', 1, 4, 'personal', '[]', 0, '2021-10-17 17:30:07', '2021-10-17 17:30:07', '2121-10-17 17:30:07'),
	('0b33f54b2afc814cc30d3d48f47ac29897431b26e2176f29ee02a0f7ac7dc03cb9afad6f467a4b17', 2, 4, 'personal', '[]', 0, '2021-05-13 22:46:38', '2021-05-13 22:46:38', '2121-05-13 22:46:33'),
	('0b3f4fbdd172f786555130b5cb523e78f399ae1389cf488218422dba08a6553f9ab0cbb581a437e0', 1, 4, 'personal', '[]', 0, '2021-04-14 18:36:06', '2021-04-14 18:36:06', '2121-04-14 18:36:06'),
	('0b46ea9a3dc99751988c3e9ee37bf38e9ed3d7fe2a70040a71dfbc73c5d7232c3d6a4dafbbddf90b', 113, 4, 'personal', '[]', 0, '2021-08-04 13:22:21', '2021-08-04 13:22:21', '2121-08-04 13:22:20'),
	('0b58b566743e6fb62cfb4cbe34caa12d5b80ac25e10af433a8270858fe12c7150ce98752f795db59', 27, 4, 'personal', '[]', 0, '2021-06-29 20:19:21', '2021-06-29 20:19:21', '2121-06-29 20:19:21'),
	('0c035f3848fac464aa9923c55fe7995cec4a65ff1f60f46655e3d1ff7b708840863771c08805957b', 68, 4, 'personal', '[]', 0, '2021-07-27 02:07:19', '2021-07-27 02:07:19', '2121-07-27 02:07:19'),
	('0c7743f136564bee6a990813cfe59acf52ab5523775467185921eed07dc1f1a2bef1f934cd73c75f', 2, 4, 'personal', '[]', 0, '2021-07-08 21:38:14', '2021-07-08 21:38:14', '2121-07-08 21:38:14'),
	('0cb01b03c030f06b1aaad324fcd744ecc554d16d5fcb7ac0d64819e1e32d5e356dc200daf6986a77', 59, 4, 'personal', '[]', 0, '2021-07-27 12:18:25', '2021-07-27 12:18:25', '2121-07-27 12:18:25'),
	('0cd2e9328f658c872b9539bdfc95c5768a224d8b78291344951a8b311e263b3df19ea8dab1acd83d', 2, 4, 'personal', '[]', 0, '2021-07-06 18:43:21', '2021-07-06 18:43:21', '2121-07-06 18:43:21'),
	('0e291c80ed2206ad0e51e3a6d3a30b9f9a1ec305bc9145e77d0e0e507f7baeb555492fb52ed93770', 55, 4, 'personal', '[]', 0, '2021-08-05 19:55:31', '2021-08-05 19:55:31', '2121-08-05 19:55:31'),
	('0f11141f91d1ff4fd9ab7b61d098f5fafa06291c1bd84463351d81f219d474fcf211df74eaecb16e', 27, 4, 'personal', '[]', 0, '2021-06-25 15:14:44', '2021-06-25 15:14:44', '2121-06-25 15:14:44'),
	('0f74c53705165d5a2d9f6bdde8ad433b933d6552d5bf6612dd6731cb4b07df1c5cfbda48a90da9ae', 76, 4, 'personal', '[]', 0, '2021-07-27 20:25:36', '2021-07-27 20:25:36', '2121-07-27 20:25:36'),
	('0f9563c58803fb6484471b93b8fb1f200f9d5ec4fb55543c76607308f064bbced19b0df55c9055cd', 87, 4, 'personal', '[]', 0, '2021-07-29 15:40:14', '2021-07-29 15:40:14', '2121-07-29 15:40:13'),
	('0fb6600c720fcbc81ad2bdfa567f675bda3590d5b77b2144ed7131e534c043d0669813a5ff134e74', 123, 4, 'personal', '[]', 0, '2021-08-05 21:45:29', '2021-08-05 21:45:29', '2121-08-05 21:45:29'),
	('10075c12f9f4f0ce03974758e8ef60f836bf97d2da53c13614d3a9fd2dbd6a30882c231ee6aa2556', 59, 4, 'personal', '[]', 0, '2021-08-06 20:07:23', '2021-08-06 20:07:23', '2121-08-06 20:07:21'),
	('10b982f02902ccc4f8e9c8013f07c4d8e6ee6fd0dcbe3600d1f529c08fda5bbc25d98eb23777b1bf', 27, 4, 'personal', '[]', 0, '2021-06-29 20:10:10', '2021-06-29 20:10:10', '2121-06-29 20:10:09'),
	('11abba4929fde0cd035c4c9820d03c64aed4ca0ecb9db2f28072e073e2e4ca7866bf5a08ae1591ca', 15, 4, 'personal', '[]', 0, '2021-05-06 21:01:40', '2021-05-06 21:01:40', '2121-05-06 21:01:38'),
	('11c555660833ec05e76b525444918fcaab194521517812c33f374eb847614142f87f119e8b2b9acc', 59, 4, 'personal', '[]', 0, '2021-07-29 14:21:27', '2021-07-29 14:21:27', '2121-07-29 14:21:27'),
	('123d70e1be074a954efd3c9cfbcf87971482e684bdb0424a52986e1fd95e85a00f3d8c75083c99d8', 1, 4, 'personal', '[]', 0, '2021-10-17 20:15:09', '2021-10-17 20:15:09', '2121-10-17 20:15:09'),
	('13766301625c77acb72ef159b4c4ee821a6a11fbf7eddaf0471355d09174a1f710cf3ef1abe275d7', 55, 4, 'personal', '[]', 0, '2021-07-29 20:18:56', '2021-07-29 20:18:56', '2121-07-29 20:18:56'),
	('145cbe28e861a88598d4974f96784c45c986ac303d1e58c65f71a84ed0bda662b285c2cf87ec4ffa', 2, 4, 'personal', '[]', 0, '2021-07-16 18:35:01', '2021-07-16 18:35:01', '2121-07-16 18:34:55'),
	('152c7e9538a34fa55938e21150ee6c5761b290bbead44c0165987d71a3fd17e4ed9e8fb335ef2548', 2, 4, 'personal', '[]', 0, '2021-07-06 20:44:59', '2021-07-06 20:44:59', '2121-07-06 20:44:59'),
	('15a09fe714a5b7650b07bfeffe3ee6a956ee8a8ee4aa89acc5610b52759ebdb7b55afec51b5b0881', 2, 4, 'personal', '[]', 0, '2021-06-06 20:54:02', '2021-06-06 20:54:02', '2121-06-06 20:54:02'),
	('15ba78fb33d3a38d09da0c8e3bf3a656f0023e83f46fbc48d3c966dc79d9b53dcb19f09248e0eb87', 59, 4, 'personal', '[]', 0, '2021-08-18 13:10:41', '2021-08-18 13:10:41', '2121-08-18 13:10:40'),
	('16873105ec249cb156ce7ea66b91681aab31c16f78355dfd3245e829bb4dcc6e64be34207c2f1c86', 27, 4, 'personal', '[]', 0, '2021-07-06 14:49:40', '2021-07-06 14:49:40', '2121-07-06 14:49:40'),
	('170134452a73fd755a1c87aaae6bc1288ac4b857adc3903f10cb6a3ec22cf6c21f3f310292b6d82c', 1, 4, 'personal', '[]', 0, '2021-04-15 01:45:30', '2021-04-15 01:45:30', '2121-04-15 01:45:30'),
	('178d33a9039293751b53aacf5049c49336eeea49fbe5ba4ad0476e93822772201e446e71feab244c', 60, 4, 'personal', '[]', 0, '2021-07-26 15:24:48', '2021-07-26 15:24:48', '2121-07-26 15:24:46'),
	('179682a097f8c9b133df27c7d33b49419bd95bc262d4f016028030110ca4f61bdf7c03d7939cd5d5', 120, 4, 'personal', '[]', 0, '2021-08-12 02:35:04', '2021-08-12 02:35:04', '2121-08-12 02:35:03'),
	('17f1cfa8b567f57160d3355e0244dbfffd089b17b303f0599581219934a61e776c545efcf8bb5790', 27, 4, 'personal', '[]', 0, '2021-06-29 19:44:51', '2021-06-29 19:44:51', '2121-06-29 19:44:38'),
	('1886ecde4086583e5cbe3434289cd934909b0908168cfbf68d39e11e52ad83c57a9ca68d4987557c', 2, 4, 'personal', '[]', 0, '2021-06-08 03:40:34', '2021-06-08 03:40:34', '2121-06-08 03:40:34'),
	('1983092cc2da462eb413cf0ebdd64b500303bc21552b5740d2d9f3b7bae1b9ee2ae58d4656fd2b78', 55, 4, 'personal', '[]', 0, '2021-07-28 15:27:40', '2021-07-28 15:27:40', '2121-07-28 15:27:40'),
	('19d75f73b94a1e94cb3afa05099331f53ee327b5a5e897b874304de47f4a8b1f1a443c1c26ddb281', 55, 4, 'personal', '[]', 0, '2021-07-31 10:14:45', '2021-07-31 10:14:45', '2121-07-31 10:14:44'),
	('1a0af1253a6afa8988870248df00d02d5ae7655a5b11897467c86ab54e0435278ddfdf86f83851b1', 55, 4, 'personal', '[]', 0, '2021-08-19 14:21:27', '2021-08-19 14:21:27', '2121-08-19 14:21:26'),
	('1ac1b4bb8c9b236d93cf2783b1f1a046006e320dd75d5a0bfc463f0d2c885ecba7ea225ded8f5a2c', 59, 4, 'personal', '[]', 0, '2021-08-02 21:33:47', '2021-08-02 21:33:47', '2121-08-02 21:33:47'),
	('1b4d9176fd2557157d75150ace37d649ee470a84fe954ce09c12221d6587fca438211ca6fef582f4', 59, 4, 'personal', '[]', 0, '2021-07-26 14:09:37', '2021-07-26 14:09:37', '2121-07-26 14:09:36'),
	('1c71e1aebd41e60badb4586f4b24617e01417971a6da06a5f651796d0fdea98e1e5d2b0ed3df26fb', 45, 4, 'personal', '[]', 0, '2021-07-10 13:49:32', '2021-07-10 13:49:32', '2121-07-10 13:49:32'),
	('1d2170b4c9b837404c655bbe931e6ba6d9f988908e0ff399b1fda5789e47d400e5e405d5ac2c33cd', 27, 4, 'personal', '[]', 0, '2021-07-09 23:17:56', '2021-07-09 23:17:56', '2121-07-09 23:17:56'),
	('1d30498fffef1dcdd7fdac537046cb24f48426d7ca7d0441257728cdbf27aac300ba3930bcac591c', 2, 4, 'personal', '[]', 0, '2021-06-22 22:49:26', '2021-06-22 22:49:26', '2121-06-22 22:49:26'),
	('1d80c8172abd208d17e7cf6b5e24c992fc05e0f62d554d3d581f232b97b6352d03b81a79e415a022', 52, 4, 'personal', '[]', 0, '2021-07-25 22:07:59', '2021-07-25 22:07:59', '2121-07-25 22:07:56'),
	('1decf8d414d363ab68fac720f42a746e6acf2685baba42fa7a72e6f51235f6edf37f89411c0143e9', 27, 4, 'personal', '[]', 0, '2021-07-09 01:10:48', '2021-07-09 01:10:48', '2121-07-09 01:10:48'),
	('1e86fec55aa5f9b30fe429652e3c0dbed83df98c5d0c403526640cfaf2cad7aa12d6881a3414798e', 45, 4, 'personal', '[]', 0, '2021-07-08 18:34:33', '2021-07-08 18:34:33', '2121-07-08 18:34:33'),
	('1e8ae4a458dbda1c75148038801dff75342e05ddfc8662d23fe397c8a682f6487ebf1b0e8c9b6aef', 59, 4, 'personal', '[]', 0, '2021-08-16 14:33:55', '2021-08-16 14:33:55', '2121-08-16 14:33:54'),
	('1eb172c5825532a8aa6540c35e3275fea470b2e23949d0094c53982dd60afe2fdbde283fb0fa70da', 59, 4, 'personal', '[]', 0, '2021-07-27 12:17:31', '2021-07-27 12:17:31', '2121-07-27 12:17:30'),
	('1fc5651d461b3a225f16db94eeb95b6e80b5798e98c3064d02fef7b6afc530456685438502d7538a', 52, 4, 'personal', '[]', 0, '2021-07-23 16:31:42', '2021-07-23 16:31:42', '2121-07-23 16:31:42'),
	('201f55fdc6ddd294d12f4ef7c4acf9e62aeb935fc09403d0548e65bc4f3e7d44774a39911e01c91c', 55, 4, 'personal', '[]', 0, '2021-07-26 02:10:42', '2021-07-26 02:10:42', '2121-07-26 02:10:42'),
	('2078cc37c496d834e444e332226acb4fc1f62b643b44339e2b4478e4cc1e6f45babb2146304d1326', 2, 4, 'personal', '[]', 0, '2021-06-29 20:17:14', '2021-06-29 20:17:14', '2121-06-29 20:17:13'),
	('20fe1f66497b50f48d0d14bef6bd313bfcd7d7126356e1263a45263801ea0916f31ccd67c2722a86', 2, 4, 'personal', '[]', 0, '2021-07-13 15:50:49', '2021-07-13 15:50:49', '2121-07-13 15:50:13'),
	('215b72f45679a05362c2c0229c739c2359942ce9ba850a364005f3acd2de3dd1165a936edfd1c3de', 27, 4, 'personal', '[]', 0, '2021-06-29 19:55:25', '2021-06-29 19:55:25', '2121-06-29 19:55:24'),
	('2286b106ee20bb30d4e81c7661c6f35d9c91c0637153015658fc1ece65c533864b397b73e8603752', 40, 4, 'personal', '[]', 0, '2021-06-30 14:06:53', '2021-06-30 14:06:53', '2121-06-30 14:06:53'),
	('22d9d9130bf34bc917e8dcf70dd8440d0c31b60f30dab04385183e2bd1ebfddbf70489757edd697d', 87, 4, 'personal', '[]', 0, '2021-07-31 21:04:36', '2021-07-31 21:04:36', '2121-07-31 21:04:36'),
	('234f5fbdc3f2bb25964080d3c6ff83147055b6fb2dd969953305a92a2552255fc14b8bbb5627fc93', 27, 4, 'personal', '[]', 0, '2021-06-28 20:03:03', '2021-06-28 20:03:03', '2121-06-28 20:02:59'),
	('24be11eb8497d522630730cb350c50883655b0c2b9c92c701809f258fbfbf6753c76fa8a2584ec38', 1, 4, 'personal', '[]', 0, '2021-06-06 19:05:39', '2021-06-06 19:05:39', '2121-06-06 19:05:39'),
	('24c49882a71bead7c0ad2c51eb2f3079359ad12dcca77a9c013a74608e6a16d2c1a1e3f4ccce9ace', 118, 4, 'personal', '[]', 0, '2021-08-05 02:07:23', '2021-08-05 02:07:23', '2121-08-05 02:07:23'),
	('25636a4e2667d366faba807420f515edee23573ca5c8aee1ae0d99f16ebe69de273a8cea5a36d1ee', 27, 4, 'personal', '[]', 0, '2021-06-28 21:39:53', '2021-06-28 21:39:53', '2121-06-28 21:39:52'),
	('2601da4391c15fb38ee7f47ed0450f385139ee2eaa11326a6c41cebafab1c0844037f28311470038', 2, 4, 'personal', '[]', 0, '2021-07-08 22:00:43', '2021-07-08 22:00:43', '2121-07-08 22:00:43'),
	('2646583379c65537459834211c8f1387a3cdb82a2d1544bd73f9fdfd3450047013b2c4c313c1d817', 52, 4, 'personal', '[]', 0, '2021-07-15 17:37:27', '2021-07-15 17:37:27', '2121-07-15 17:37:27'),
	('26f0e2ab9d9e1e2a58d40209c4edb858d58575cee634170d0e5beea9cb0625764bba31c236b8d6e5', 54, 4, 'personal', '[]', 0, '2021-07-14 04:24:13', '2021-07-14 04:24:13', '2121-07-14 04:24:13'),
	('289bf04d5497b997467917d72ba2aea2130a17da053ac6dd113bc5ca4891770f7c6b8bf460acf3de', 27, 4, 'personal', '[]', 0, '2021-06-28 21:24:41', '2021-06-28 21:24:41', '2121-06-28 21:24:41'),
	('293c655f8fe2b33e07450b76fbe98d9459829efffa6a542131a1e0d47b44564ed71c8b997287e388', 68, 4, 'personal', '[]', 0, '2021-08-05 19:38:38', '2021-08-05 19:38:38', '2121-08-05 19:38:38'),
	('295b36ff08b93bb9c0713d0c141b7a45e36b8fa9d1cf6921cdcd5cd21d91bf922b9ade1bd4e6ac73', 52, 4, 'personal', '[]', 0, '2021-07-15 20:48:09', '2021-07-15 20:48:09', '2121-07-15 20:48:09'),
	('2979333ab2d71e50fb58fe806b0e6269c1f66efea3f9b7dafda3d310130831979c0666b09cef6a48', 52, 4, 'personal', '[]', 0, '2021-07-15 20:47:34', '2021-07-15 20:47:34', '2121-07-15 20:47:34'),
	('29f0102000085b580d90cc3e089fd201afdb7afd17e1faf5319c10b44dc54999c69135a21ed231e2', 2, 4, 'personal', '[]', 0, '2021-07-06 14:49:29', '2021-07-06 14:49:29', '2121-07-06 14:49:29'),
	('2a003659291d9d60e38a3df184e13ab73682495cc4089f4ebb13528f3098d6f55c8ba76be8c25c6e', 27, 4, 'personal', '[]', 0, '2021-07-09 22:58:21', '2021-07-09 22:58:21', '2121-07-09 22:58:21'),
	('2a2d7adb25297efb9c06d91d86fee718e37efc3d353b01a18223f2e079f2e9fe4f9b506fa5a22636', 120, 4, 'personal', '[]', 0, '2021-08-05 23:06:00', '2021-08-05 23:06:00', '2121-08-05 23:06:00'),
	('2a530e4059027f5b3ae470adfc7cf8e12528fdfe47e54f47eba2a3ff19ecee5987d20c8a87014712', 59, 4, 'personal', '[]', 0, '2021-08-04 13:39:01', '2021-08-04 13:39:01', '2121-08-04 13:39:01'),
	('2a8af36a4d4ecca6817ff57244255b4737191e8d3fb4633d48c71b17e87e6545a8cec44e84c3585a', 123, 4, 'personal', '[]', 0, '2021-08-05 21:51:55', '2021-08-05 21:51:55', '2121-08-05 21:51:55'),
	('2bc8e36315525dfd08112eca33d041df1c851e27555ce87922e9929cda5e3eeee4d470cb090a1b96', 38, 4, 'personal', '[]', 0, '2021-07-14 04:19:34', '2021-07-14 04:19:34', '2121-07-14 04:19:32'),
	('2bdd421c891cac797ba560a92b82fa3808954f42aa9f35aa234021ef03182a98e033a8fba39af40b', 27, 4, 'personal', '[]', 0, '2021-07-06 14:49:04', '2021-07-06 14:49:04', '2121-07-06 14:49:01'),
	('2cdabaa55555527ace1cfabf657ed85e21521efe65397b073b0a655883965f1bbe9d0bb80ab59345', 48, 4, 'personal', '[]', 0, '2021-07-15 16:07:12', '2021-07-15 16:07:12', '2121-07-15 16:07:12'),
	('2d5586bb736360ae06390547009abd2cc7cf21ddbffb27a7ae741cf97375feeaf42ed8220abb3322', 59, 4, 'personal', '[]', 0, '2021-08-11 19:36:42', '2021-08-11 19:36:42', '2121-08-11 19:36:42'),
	('2d58e3a0101c6d10319cc58c4bcabcbd457bc2b1276aebbb4da58d882dce487e0a7954665fcba060', 55, 4, 'personal', '[]', 0, '2021-07-29 13:13:03', '2021-07-29 13:13:03', '2121-07-29 13:13:02'),
	('2da0e0f42c5b7fa4567be39c77bc73ac9bb507b967a514ab376429ef828d611add92e1bf9284e66b', 1, 4, 'personal', '[]', 0, '2021-10-17 17:39:15', '2021-10-17 17:39:15', '2121-10-17 17:39:14'),
	('2da9739ac319d33f40a7f37aef37bda21481c2237670f161ae92fbfb76307f2e42c1d0f0d50cfe9e', 45, 4, 'personal', '[]', 0, '2021-07-09 22:45:16', '2021-07-09 22:45:16', '2121-07-09 22:45:16'),
	('2de931d63cf8ae37d0bd1af9f4c0359a743ce07a3adaa2a037d798fdc51c21a9e789671d1853c9b9', 2, 4, 'personal', '[]', 0, '2021-06-04 20:21:36', '2021-06-04 20:21:36', '2121-06-04 20:21:35'),
	('2df7027eae7ad959aceb8f32ab69c3adfcb12ddd3850628d299b947ab13253f8580fe0377953ccd2', 2, 4, 'personal', '[]', 0, '2021-06-04 22:41:11', '2021-06-04 22:41:11', '2121-06-04 22:41:11'),
	('2e33747df0babdf796b3840619e6b862aab57f17de2005ca12a4ea49aa2b8290bf750feebea754e2', 2, 4, 'personal', '[]', 0, '2021-06-17 19:23:44', '2021-06-17 19:23:44', '2121-06-17 19:23:44'),
	('2ef21561043823785615df14509816dcc3855e73ff9bbc4ad8e8141326bb28306edf4961674bd281', 2, 4, 'personal', '[]', 0, '2021-07-08 21:56:47', '2021-07-08 21:56:47', '2121-07-08 21:56:47'),
	('2fdcff54a155fd97ccb6398ea20da90672c7f002011986ad09fba0b5f5428c0f041a7e680f97b39c', 68, 4, 'personal', '[]', 0, '2021-08-12 23:09:45', '2021-08-12 23:09:45', '2121-08-12 23:09:45'),
	('30049f91def2c2c930bbe0ff92d4c2c0931f07637ebe15492793871aac6b899539a5697b1f5d1a3e', 2, 4, 'personal', '[]', 0, '2021-07-13 23:22:41', '2021-07-13 23:22:41', '2121-07-13 23:22:40'),
	('300aaba5b9cbe798153b794a8768bcb3d00b4227a647447b11ef053626cc9bacf3e2bc8315c08940', 2, 4, 'personal', '[]', 0, '2021-04-23 23:47:29', '2021-04-23 23:47:29', '2121-04-23 23:47:27'),
	('302123dca7f2195762ba5ed792e8b018303d89c090c51e5214aaf82eff3e67eb4419b2af2a01a3d2', 2, 4, 'personal', '[]', 0, '2021-07-25 09:00:44', '2021-07-25 09:00:44', '2121-07-25 09:00:44'),
	('307f225e1c960f81b7568d9720f8a7a196ed8132ac9c9447538fa7384cdd2fb141124a8a62da570c', 2, 4, 'personal', '[]', 0, '2021-06-04 22:13:52', '2021-06-04 22:13:52', '2121-06-04 22:13:52'),
	('310dda9942b2c9e1ff2cfa838281fbaa6c8c70ce194e43d0b2df2af99793baec230c8d8ec2f1d930', 15, 4, 'personal', '[]', 0, '2021-05-12 00:45:22', '2021-05-12 00:45:22', '2121-05-12 00:45:16'),
	('31921c1a336e5ab1cde85ec87386bd4bb5081b8a62a162dbd770bb55ceae0e01e017ab80e37de624', 57, 4, 'personal', '[]', 0, '2021-07-30 00:32:01', '2021-07-30 00:32:01', '2121-07-30 00:32:00'),
	('3192378d45aeab92d6901ad1ab5f41802266a9138ab8ae58b01ea4fffb498cab502074a6ec66b152', 59, 4, 'personal', '[]', 0, '2021-08-04 22:11:41', '2021-08-04 22:11:41', '2121-08-04 22:11:41'),
	('322967df416fddef8abb87ae85be415b3242494a3b07024f2f9a3895f24c3d6de879c6e89fbca839', 54, 4, 'personal', '[]', 0, '2021-07-14 05:21:00', '2021-07-14 05:21:00', '2121-07-14 05:21:00'),
	('32aaa22ffdb70bb63ae2f82a4b535396d4a1c63c8ecf962c75f1413619fd3e918e333e7fd5039b25', 2, 4, 'personal', '[]', 0, '2021-06-12 17:13:55', '2021-06-12 17:13:55', '2121-06-12 17:13:54'),
	('340f3f46738d39b1e7955a155323a6e3115250b1505173fa7c589b125015f9a8a0a0f1eb03daeb39', 54, 4, 'personal', '[]', 0, '2021-07-15 20:56:05', '2021-07-15 20:56:05', '2121-07-15 20:56:05'),
	('347e1c3b07f6c6c05effd084bc9d23d144488120fbdfb9a05147f5cd9388b479e75b966064356e45', 45, 4, 'personal', '[]', 0, '2021-07-08 22:34:21', '2021-07-08 22:34:21', '2121-07-08 22:34:21'),
	('34f3c55c6329367eb74fa4c76e1666ea84b3b50e45d0fd5de36c98ac3eaff057b82617d74e02bc81', 39, 4, 'personal', '[]', 0, '2021-06-25 21:04:40', '2021-06-25 21:04:40', '2121-06-25 21:04:39'),
	('3593b6982dc30f97759691de4611114cea1218169542d5298f371036821dd2a1818bef15f9a9d797', 113, 4, 'personal', '[]', 0, '2021-08-03 22:37:18', '2021-08-03 22:37:18', '2121-08-03 22:37:18'),
	('3681a3cdf724b74b49ee68b25e367380999da583f1801b0951cca53f32d651676b408e75d8247304', 59, 4, 'personal', '[]', 0, '2021-07-31 21:51:17', '2021-07-31 21:51:17', '2121-07-31 21:51:17'),
	('36933afbcb8ce1a9a14ffad14e6158a6538dcc020dfcec1f2ffaec22947c80121939d65a6c48fbc5', 113, 4, 'personal', '[]', 0, '2021-08-03 22:40:45', '2021-08-03 22:40:45', '2121-08-03 22:40:45'),
	('36d87e99cd0e2c2ee42eadfea4e66279b3f49d1e0bcfc8fb4df52fb4dd3d694b0a99858db73bbc77', 2, 4, 'personal', '[]', 0, '2021-07-08 21:20:00', '2021-07-08 21:20:00', '2121-07-08 21:19:59'),
	('36f4dd9dbc3140b26103912769b3cefe716d9fb43f42cf715f88e6b6b30332a7ddb1429f0c42c2f1', 52, 4, 'personal', '[]', 0, '2021-07-14 04:28:33', '2021-07-14 04:28:33', '2121-07-14 04:28:32'),
	('37215a05d402d61ce6a842413d99c91f1a440b1fb367311266e7e69cdb1bfbd45c9130c925bb6f05', 59, 4, 'personal', '[]', 0, '2021-07-27 17:38:20', '2021-07-27 17:38:20', '2121-07-27 17:38:20'),
	('37b9f8c61bd32e2f35fb171ea17d4ac379546b83b963a3878c0b665f338df1b25f6926c67438d6e1', 2, 4, 'personal', '[]', 0, '2021-06-07 01:10:58', '2021-06-07 01:10:58', '2121-06-07 01:10:58'),
	('37c9eb07d35438b5b74b90afe8300728ee806c62e81428d75031e58d3f461adac62ee47c5e964049', 27, 4, 'personal', '[]', 0, '2021-06-25 16:04:47', '2021-06-25 16:04:47', '2121-06-25 16:04:47'),
	('38295114e25a3dc7023c99682855428cc398c5a76d3769044cb3530c3e03822729675bf20ea897cf', 101, 4, 'personal', '[]', 0, '2021-07-30 14:32:16', '2021-07-30 14:32:16', '2121-07-30 14:32:16'),
	('387c61356b1bbb7d9631902657cccb248bffca30b9b24119119248881559c30175a8c0fb7df8142d', 2, 4, 'personal', '[]', 0, '2021-06-09 17:02:16', '2021-06-09 17:02:16', '2121-06-09 17:02:16'),
	('38efed4daa3af24fd77a809a9c077d735441321635f4c017b638a841e1902a5f857bb7534a2bbd8c', 45, 4, 'personal', '[]', 0, '2021-07-08 08:46:14', '2021-07-08 08:46:14', '2121-07-08 08:46:14'),
	('3948901e3da00560c58cf84a8cad5c1e41bc85b37cb4602d7c73770e025191ec8293e144d8ce1f2b', 2, 4, 'personal', '[]', 0, '2021-07-08 20:16:16', '2021-07-08 20:16:16', '2121-07-08 20:16:16'),
	('397e3e9d1e2a7075127c9e69b16463db579fa378314a6bbe8581c05581785db271bfa7c2897bbeb0', 2, 4, 'personal', '[]', 0, '2021-07-08 18:12:27', '2021-07-08 18:12:27', '2121-07-08 18:12:27'),
	('3b3db49bc73071b2d5fabf286c2dc2ebed3ee430a3cc14bedf406a0cc8070d7959e330a6b51b70e8', 2, 4, 'personal', '[]', 0, '2021-05-25 21:32:27', '2021-05-25 21:32:27', '2121-05-25 21:32:27'),
	('3c21aad25c8d30b6583c557233aaffb28e0bf6c4b3d127c0a3096112d16d53bed99ee87c13a10250', 55, 4, 'personal', '[]', 0, '2021-07-29 20:39:49', '2021-07-29 20:39:49', '2121-07-29 20:39:49'),
	('3cc64ad72ce076097f4978a2e227fa469bebc7b189f4f1a296ee7738e933668c30483ae92fe52ea4', 1, 4, 'personal', '[]', 0, '2021-04-14 18:29:41', '2021-04-14 18:29:41', '2121-04-14 18:29:41'),
	('3d0c9acad3c1f69c8facf0a5ad4162c4e7c4b146114f74d3b5df53a45b64f5cafeeb4ddc552f1eb4', 68, 4, 'personal', '[]', 0, '2021-07-29 14:20:28', '2021-07-29 14:20:28', '2121-07-29 14:20:28'),
	('3d5badaa726bfb2f0cd4f35b88b244ef606596cf5b75b7477c71694fac320c25f77ce31f1950f30d', 2, 4, 'personal', '[]', 0, '2021-06-22 14:23:09', '2021-06-22 14:23:09', '2121-06-22 14:23:07'),
	('3dc50a7663b715ceff84a6491d59912310b8a8c97cc2bf5576f67e0d87d87e9516313c2b93553f87', 52, 4, 'personal', '[]', 0, '2021-07-15 20:47:39', '2021-07-15 20:47:39', '2121-07-15 20:47:39'),
	('3dde4a96dc089e09a6e37e71e08d1f9478198e033ebb83956529c63aa8415112c7453cfa0ee60d32', 52, 4, 'personal', '[]', 0, '2021-07-15 20:24:41', '2021-07-15 20:24:41', '2121-07-15 20:24:35'),
	('3ed64900e2e743dd7d76bf96c269fe6f0150f659ebcbb01cad446c3acc2829453147be14ce92972d', 27, 4, 'personal', '[]', 0, '2021-06-29 20:53:25', '2021-06-29 20:53:25', '2121-06-29 20:53:24'),
	('401bece321232334f8a22eb08f7d16a00d16510111631d58be3479362a7761f9445340e73dc7857e', 59, 4, 'personal', '[]', 0, '2021-08-09 18:02:43', '2021-08-09 18:02:43', '2121-08-09 18:02:40'),
	('403c429e076037e9b6259b8afa50f1640cf4d0fc439928dc5bdb416689456cb003c1bb0ad59e7678', 27, 4, 'personal', '[]', 0, '2021-07-09 16:39:25', '2021-07-09 16:39:25', '2121-07-09 16:39:25'),
	('40a0b2344aadb961bf9cd3de6191d10d64bad61bcc0c403567f64c1dfd72703cbc1dbea12d2dbc5a', 21, 4, 'personal', '[]', 0, '2021-06-17 18:56:30', '2021-06-17 18:56:30', '2121-06-17 18:56:30'),
	('415b5ebd5ece6e932fbd0262e4cae805d013e1e9ba968fc6ba556469506803d552133de8ce2ec135', 2, 4, 'personal', '[]', 0, '2021-07-06 20:44:26', '2021-07-06 20:44:26', '2121-07-06 20:44:26'),
	('41ecad9ecaabb70a838c39440967e3d6a9edb7834ee52ea04caf3b135317a60e0f29adbf1352002f', 59, 4, 'personal', '[]', 0, '2021-08-05 20:58:09', '2021-08-05 20:58:09', '2121-08-05 20:58:09'),
	('42273444aaf51eb543165a30caeefef6b5b7d55dcfdbf4339f7143bcb52df9cb3e56aaa2b89b4b3a', 87, 4, 'personal', '[]', 0, '2021-07-29 12:18:31', '2021-07-29 12:18:31', '2121-07-29 12:18:31'),
	('425e18a0df8a50c9488a5d89d5e4fb86f0a214668bdf4ca8c2656f7b8977031ab47836a0ff8fba16', 59, 4, 'personal', '[]', 0, '2021-08-01 23:27:30', '2021-08-01 23:27:30', '2121-08-01 23:27:29'),
	('43b2742446c5a6aa4260ec0d33bd502b4a15b75c50595387bc924c8b1af1f1d144295b0eccf629c5', 2, 4, 'personal', '[]', 0, '2021-07-15 16:06:35', '2021-07-15 16:06:35', '2121-07-15 16:06:35'),
	('441f93dd45010d921c7d648b1016ec4757fc78ae54b5fba4bf35610710173438c3c5f4f0d703378a', 1, 4, 'personal', '[]', 0, '2021-04-14 17:42:33', '2021-04-14 17:42:33', '2121-04-14 17:42:33'),
	('44c0c8ab78cec6deb546a73f36bef60314870cd995f4d9d9a6d86658b567f01ce07862de9cd25db5', 59, 4, 'personal', '[]', 0, '2021-07-27 12:21:02', '2021-07-27 12:21:02', '2121-07-27 12:21:02'),
	('44ccf47e1b4c7e833f49eab9f5d0438997a6e3d6a670453f8555dea5b33a51a27c2a165f71db74dc', 118, 4, 'personal', '[]', 0, '2021-08-04 20:52:08', '2021-08-04 20:52:08', '2121-08-04 20:52:08'),
	('456051796b50e226af46e1c5e3579c20093b8e9fe6462a35e717e88b9f4735c5c93fe21821f0082f', 2, 4, 'personal', '[]', 0, '2021-06-03 03:48:02', '2021-06-03 03:48:02', '2121-06-03 03:48:02'),
	('458ba58b4500aa8492eae9fb2b0e6a407d914a65ffa778a28bf5bab2fb8b3440a925e887f1d2bb4d', 2, 4, 'personal', '[]', 0, '2021-06-04 23:42:40', '2021-06-04 23:42:40', '2121-06-04 23:42:39'),
	('45d86fa5f2bd6f134640015215337d9146fee161688af31594b632014dc79d8e6de661a9364d98bb', 27, 4, 'personal', '[]', 0, '2021-06-29 20:44:01', '2021-06-29 20:44:01', '2121-06-29 20:44:01'),
	('46b65c8708438f09201210f53585209609aeda7cdc4505d7d2dec282e3be954cdb992235e56f3e40', 1, 4, 'personal', '[]', 0, '2021-06-03 06:24:15', '2021-06-03 06:24:15', '2121-06-03 06:24:15'),
	('46df0ee9103e5800f0d138bbd4e6d8492c6c59c4744ae7cafc30a23fbadcaadb43db0077316a4e54', 59, 4, 'personal', '[]', 0, '2021-08-11 19:31:33', '2021-08-11 19:31:33', '2121-08-11 19:31:32'),
	('47311cfef1d2bd75837111a4081607f8ac3ccb3feba47c82c0f8b09f446c6d94662a316247d97170', 1, 4, 'personal', '[]', 0, '2021-04-15 00:32:51', '2021-04-15 00:32:51', '2121-04-15 00:32:51'),
	('473269e843bbd4cfdb1521df25b5e32e6050cbada5ac41a1170be16a4a5e5c8b55e4341ac64bcbde', 2, 4, 'personal', '[]', 0, '2021-07-06 19:02:57', '2021-07-06 19:02:57', '2121-07-06 19:02:57'),
	('474cd0796fed314a0fdda9a29905da779271e7a3997534bb4b13a36844789ac1fb34a6c914e0c786', 1, 4, 'personal', '[]', 0, '2021-04-15 01:31:08', '2021-04-15 01:31:08', '2121-04-15 01:31:08'),
	('47d0f10f668c96f45b70dd02811812475938e013e764ede2acbe2c958a9c9bc8484db4c2b8220dd4', 1, 4, 'personal', '[]', 0, '2021-04-14 17:40:11', '2021-04-14 17:40:11', '2121-04-14 17:40:11'),
	('47fd991400902cbf5c17c76aa63ea4605819b854e6d13fb499a2b4062255be645dabf8c0560ca91d', 2, 4, 'personal', '[]', 0, '2021-06-08 16:41:15', '2021-06-08 16:41:15', '2121-06-08 16:41:15'),
	('4813ba3506d1347757a2c27a91c78a1422c485744a96a530fadb89589daef3c47583714e9e72e792', 56, 4, 'personal', '[]', 0, '2021-07-26 01:45:50', '2021-07-26 01:45:50', '2121-07-26 01:45:50'),
	('490a50c3365c9c919d1e65c227c2766e8206e9a95e0fcfbda32e98c684324f003d86349c19a5ede8', 59, 4, 'personal', '[]', 0, '2021-08-06 20:56:21', '2021-08-06 20:56:21', '2121-08-06 20:56:21'),
	('4925b1ea45011b169a396de3bad41f076ebe84dff2eea7f2d4db54c730a2caa99108939aa2e5e458', 68, 4, 'personal', '[]', 0, '2021-08-06 00:16:40', '2021-08-06 00:16:40', '2121-08-06 00:16:40'),
	('4a282ce40208f8930f91240cf327f870d36315e7547979a525634f306586479d30e172a8493aefa2', 59, 4, 'personal', '[]', 0, '2021-08-03 15:20:09', '2021-08-03 15:20:09', '2121-08-03 15:20:09'),
	('4b0350b1a638e1869359dbdf30aaf4bd12af03ff3ef933bff4440303e4f279bb443986f62ede9c86', 55, 4, 'personal', '[]', 0, '2021-07-27 13:48:51', '2021-07-27 13:48:51', '2121-07-27 13:48:51'),
	('4b3e3de19f88828c3cf9a3a719204ae046e19da8aaae455668af7cd5afd137fd81c44e6b9c146120', 55, 4, 'personal', '[]', 0, '2021-07-28 21:10:02', '2021-07-28 21:10:02', '2121-07-28 21:10:02'),
	('4b435b58339293b81ee01bb52815d194320e19489291319220f86b4b46b5794a3c382bbfb09e611f', 2, 4, 'personal', '[]', 0, '2021-06-17 17:09:06', '2021-06-17 17:09:06', '2121-06-17 17:09:06'),
	('4c696ff80ef9353541e75d72d5e50690ff13051ed211eaa25ba9e081a788a94cc04ede649bc19464', 87, 4, 'personal', '[]', 0, '2021-07-31 21:40:32', '2021-07-31 21:40:32', '2121-07-31 21:40:32'),
	('4d4b463303e32e514adc266ac2a9d3689588c4a1a102969518fdd4cec0ce5f41c79684cbdaf92e5f', 2, 4, 'personal', '[]', 0, '2021-07-01 01:02:26', '2021-07-01 01:02:26', '2121-07-01 01:02:25'),
	('4dc3b46d4f0cb8ad0e69ae258ef7068aa36cb56681c354983963d1e211aed1a340f37c5fef236ea5', 55, 4, 'personal', '[]', 0, '2021-07-29 19:40:30', '2021-07-29 19:40:30', '2121-07-29 19:40:30'),
	('4e060e55fd3361a96d95e46b93e30970b31c349d7686a184c510cceac50cbde14d1dda7d98e0f0c8', 52, 4, 'personal', '[]', 0, '2021-07-25 14:48:13', '2021-07-25 14:48:13', '2121-07-25 14:48:13'),
	('4ff262cb998670fb80d4d4daf16bfc676e0b12b3bc85aa0472576d063e27297794b6c2cb4493c3e3', 52, 4, 'personal', '[]', 0, '2021-07-20 21:03:34', '2021-07-20 21:03:34', '2121-07-20 21:03:34'),
	('5072f6291d754167026f97214f7797142765bf848f13cd54304bc0236a75caff5049b55d1df31388', 2, 4, 'personal', '[]', 0, '2021-06-02 04:33:31', '2021-06-02 04:33:31', '2121-06-02 04:33:31'),
	('51af636adef428a85ed6075f9978cb228797d65a1ff156113d7f0b90d58340658c65ce70fb43dd4b', 2, 4, 'personal', '[]', 0, '2021-06-08 18:45:33', '2021-06-08 18:45:33', '2121-06-08 18:45:33'),
	('51d878c8fda91945139f33a2c410bed859f245d0014747868bf9660d61eb4011037b68787ba0ea76', 52, 4, 'personal', '[]', 0, '2021-07-15 20:36:05', '2021-07-15 20:36:05', '2121-07-15 20:36:05'),
	('51e71a94e105fc7684c3a04cdd938e12c29f46b9b0c7baf79529e3e0796153fbf59efdd57a3db2b7', 128, 4, 'personal', '[]', 0, '2021-08-11 01:27:55', '2021-08-11 01:27:55', '2121-08-11 01:27:55'),
	('51ea3fbdc07c956da5431216f29484385f8b84f632efa3fb2d968e2f376bd5fc2d9d36390b950bd0', 1, 4, 'personal', '[]', 0, '2021-04-28 19:53:07', '2021-04-28 19:53:07', '2121-04-28 19:53:04'),
	('5352697bad1491257ddcf30b756d1b1ff5d95863516119a5b8e4882f2652d52889cbc4391924c303', 27, 4, 'personal', '[]', 0, '2021-06-29 20:01:46', '2021-06-29 20:01:46', '2121-06-29 20:01:46'),
	('539457117bd59d91369df8b638a60d481c7f71c3306a9e17238c51be93e763507a4beb03a54d16cc', 87, 4, 'personal', '[]', 0, '2021-08-01 23:28:43', '2021-08-01 23:28:43', '2121-08-01 23:28:43'),
	('53cc274b1e55e6abce3860e1fcbb6cad586e62cd76c44ff42aa8421c88ea0f7f3c4b7345993a1c4e', 2, 4, 'personal', '[]', 0, '2021-06-17 16:18:31', '2021-06-17 16:18:31', '2121-06-17 16:18:31'),
	('54c11c8549a25b7284e9da7bd7473076f5952eeeeff066a0f85f274f19f8bc7e2c3b540182f7b382', 2, 4, 'personal', '[]', 0, '2021-07-21 02:42:36', '2021-07-21 02:42:36', '2121-07-21 02:42:35'),
	('54d912ca5c1a5be5c812edf9ba625bf65ea02fe13ba58bc9f564fa4b5b3f3e51c8ae022ddaf9e6a2', 27, 4, 'personal', '[]', 0, '2021-07-09 16:51:48', '2021-07-09 16:51:48', '2121-07-09 16:51:47'),
	('55847656914dd80d6076e2a5713e90085e864c855e1a0f4a73abab19251b52597e21168f0a9004f5', 94, 4, 'personal', '[]', 0, '2021-07-29 16:01:23', '2021-07-29 16:01:23', '2121-07-29 16:01:23'),
	('5651d7082bbd0162f9320eaa9c69a1d700bf89b5c8b31fa5445aa98e55d7972adc21383e335dc613', 59, 4, 'personal', '[]', 0, '2021-08-07 03:50:13', '2021-08-07 03:50:13', '2121-08-07 03:50:12'),
	('571c94feec209c7e0f1c1fbc13c7136e91651b5c8c5b94b93608dafb2009b8d10eeb038b6c79c924', 2, 4, 'personal', '[]', 0, '2021-07-12 16:51:05', '2021-07-12 16:51:05', '2121-07-12 16:51:05'),
	('57295f0110c515e8ca2e2cec4bc0d69af64baba38d1cbafbbbf9c2c35afcb8bef6c607c8e0f5f757', 96, 4, 'personal', '[]', 0, '2021-07-29 19:38:23', '2021-07-29 19:38:23', '2121-07-29 19:38:23'),
	('57465382d891fc6ec8681e1e07f1b8ccbaee93fce69f2098dc11474380ca237ce672a4bf160896d5', 2, 4, 'personal', '[]', 0, '2021-07-25 14:41:51', '2021-07-25 14:41:51', '2121-07-25 14:41:51'),
	('576396768e3f26937813b1ce5af05d130fe07635d6cf5826de50102c408d82aea98be17c7a9d9a34', 54, 4, 'personal', '[]', 0, '2021-07-14 04:40:30', '2021-07-14 04:40:30', '2121-07-14 04:40:30'),
	('5983e7e25bdc81336c436af2e2d39a0c860cb6e44d5352f1d03bd396618f76c4c468bcd71f40772b', 2, 4, 'personal', '[]', 0, '2021-06-17 16:07:47', '2021-06-17 16:07:47', '2121-06-17 16:07:46'),
	('5a55828d2856675e65dd09a946cf24699b52f0f81fe4d44fef31a4c4d6f314852900b66cfd6dcc68', 1, 4, 'personal', '[]', 0, '2021-04-23 02:56:46', '2021-04-23 02:56:46', '2121-04-23 02:56:39'),
	('5adfc4ee2b0b34fdad0b22aa81b6bb483a764f57dd04393c81f6142b3017459646b4be4152b8b726', 59, 4, 'personal', '[]', 0, '2021-08-12 01:05:20', '2021-08-12 01:05:20', '2121-08-12 01:05:18'),
	('5bf02591873613d5ee7bc44909c8507264ff4dfa34f180a526404c11cab5b6d0a7b5d1d30d44cd8b', 2, 4, 'personal', '[]', 0, '2021-06-04 18:36:18', '2021-06-04 18:36:18', '2121-06-04 18:36:18'),
	('5c0b1531de3832874c8e71a9c72b24fc0f27260683937a2202957e0fc01890037065f813cf443e0a', 1, 4, 'personal', '[]', 0, '2021-04-14 17:52:28', '2021-04-14 17:52:28', '2121-04-14 17:52:28'),
	('5e2ed6b284717af52b3f1a195793e0efc697956f2ced80fed6f21ec76acbb4f71ff847c3e660e137', 2, 4, 'personal', '[]', 0, '2021-06-18 00:51:57', '2021-06-18 00:51:57', '2121-06-18 00:51:57'),
	('5e9186fc12d28dbf6b1328846c458a7164e3d56e5f9e583a36c40fc78eea80ab956ab977512fc065', 27, 4, 'personal', '[]', 0, '2021-06-23 18:25:05', '2021-06-23 18:25:05', '2121-06-23 18:25:05'),
	('5e967155c3d36a8c33ca5777f7d8c8938334fd4d1cffa6d973f2bc75cdd5a4c1bda1707d631356b9', 2, 4, 'personal', '[]', 0, '2021-06-29 20:17:42', '2021-06-29 20:17:42', '2121-06-29 20:17:42'),
	('5ecb1492bfebb40ddb15001cb2421e8d51f534aa38e4d76594f6f38a24c10d4320052a3790d17b18', 55, 4, 'personal', '[]', 0, '2021-07-28 15:39:05', '2021-07-28 15:39:05', '2121-07-28 15:39:05'),
	('5ee6902b26eb9e0ccdab12b4eacd2af2b05e91f1256de7e07923fb74b91487131e1b66252bbaaa1f', 2, 4, 'personal', '[]', 0, '2021-06-23 18:33:48', '2021-06-23 18:33:48', '2121-06-23 18:33:48'),
	('5f804beea2e33c3b10a41e11c9b177545fa6553e18b6743fdc7a62bd7dcc36a62c57bf29f3d4b9ef', 2, 4, 'personal', '[]', 0, '2021-06-06 19:06:05', '2021-06-06 19:06:05', '2121-06-06 19:06:05'),
	('5fdda4c763dbece5eaf4cc46c3013c5fd5f088120e5f3e63f6ca18c91ed556bddf846f30f31e00a5', 81, 4, 'personal', '[]', 0, '2021-07-28 02:53:19', '2021-07-28 02:53:19', '2121-07-28 02:53:19'),
	('6083a8182de9f83cc5611c10c840569068f2457694642e7f7e8ae1201c2f554e61a50b448f3f7a65', 51, 4, 'personal', '[]', 0, '2021-07-08 23:32:26', '2021-07-08 23:32:26', '2121-07-08 23:32:26'),
	('618582ac4705f2a10cc4b8e5ef78aaa6bb2ed60a3f120ac473dd2605da11f78ae505dfa8a62ce4d2', 1, 4, 'personal', '[]', 0, '2021-04-14 18:08:31', '2021-04-14 18:08:31', '2121-04-14 18:08:30'),
	('6237bdd9d948b8ba908a1a13b0896251ab33603713e82fc7492ca5cba635be04bcc09d5afd07a5ba', 1, 4, 'personal', '[]', 0, '2021-10-18 04:25:51', '2021-10-18 04:25:51', '2121-10-18 04:25:51'),
	('6543c2939d9f6a609d38e7d24341aec1f893e48653f8eaa1bc0f3e2c8df77db1c9a738ba912d6048', 59, 4, 'personal', '[]', 0, '2021-07-30 12:56:45', '2021-07-30 12:56:45', '2121-07-30 12:56:44'),
	('65902340c00365633d1f9dfd6463988cf7ab2a4ba594fce87efeba30c2eb3a70bb41f00ea37c6950', 118, 4, 'personal', '[]', 0, '2021-08-05 02:01:04', '2021-08-05 02:01:04', '2121-08-05 02:01:02'),
	('6628ad0d8ee8056df81a060a2ff7408531f16bd9c976d51bdf696c0d20a55faf6d1f47bfa36037c9', 2, 4, 'personal', '[]', 0, '2021-06-02 04:54:22', '2021-06-02 04:54:22', '2121-06-02 04:54:22'),
	('6630cf96b9f140df2a2d546f0e6dc6e7be30756400e30128a1aaeb24d02da1a827a84e26bbeb097c', 130, 4, 'personal', '[]', 0, '2021-08-11 19:46:52', '2021-08-11 19:46:52', '2121-08-11 19:46:52'),
	('675e111c0093197d15b6d02d7848ce1be5e81413b0d9f05f1a0b01668f6b9ab00aca766f4038bdff', 59, 4, 'personal', '[]', 0, '2021-08-03 14:59:13', '2021-08-03 14:59:13', '2121-08-03 14:59:12'),
	('684068d9b1800f3e99e0c4d599393e5d4b018d5235b1749d6a54b9ecf643635fbcd860fbb12e92e4', 52, 4, 'personal', '[]', 0, '2021-07-25 14:48:31', '2021-07-25 14:48:31', '2121-07-25 14:48:30'),
	('69c4b793925326261f59f8c5962f3c0704bfe9e7fb19465eba9ca7522082cbfd0dd534da4d6f834a', 118, 4, 'personal', '[]', 0, '2021-08-05 12:13:22', '2021-08-05 12:13:22', '2121-08-05 12:13:22'),
	('6a264bae00f6ded85541de4d11dee5904e2714d2ee8e12ae1baa47202079ddb283a083c2627c85f9', 2, 4, 'personal', '[]', 0, '2021-07-08 20:21:06', '2021-07-08 20:21:06', '2121-07-08 20:21:06'),
	('6a48762c28139c6fd7b96412ef7823d8ce96bc507dc2c7c912dabfef0d80ea3160cdb6ef012c219f', 101, 4, 'personal', '[]', 0, '2021-07-30 14:30:26', '2021-07-30 14:30:26', '2121-07-30 14:30:26'),
	('6b2e1bfc5eb87fa9ccb1c955aa794baafb054746b0d9203d286d58ca956be40f80b5cb1c82b9c393', 87, 4, 'personal', '[]', 0, '2021-08-03 19:27:55', '2021-08-03 19:27:55', '2121-08-03 19:27:55'),
	('6be3f87782c352a3ce2097717202bbfdac9e6b7d7afcc5a9f05f625c7e8d38095c96a1096204e68d', 102, 4, 'personal', '[]', 0, '2021-07-30 20:09:13', '2021-07-30 20:09:13', '2121-07-30 20:09:13'),
	('6c35e07854b0793915200028c6d1a741c0733a9a9a14b24930e54f62cc36ad8d41a7e6b403cb6454', 1, 4, 'personal', '[]', 0, '2021-04-15 00:28:29', '2021-04-15 00:28:29', '2121-04-15 00:28:29'),
	('6c50a613edc69e8444e47e0d3e9660df45a0c4f18f4e5d3d7e447acc3bffcb1a11fa2b2a3107d9a1', 87, 4, 'personal', '[]', 0, '2021-07-29 15:20:33', '2021-07-29 15:20:33', '2121-07-29 15:20:33'),
	('6c69e3af7f0bed86111468919c67033827b184feb969dee34f0ceab4c2f11ec19c32395cba8535c2', 45, 4, 'personal', '[]', 0, '2021-07-08 18:31:42', '2021-07-08 18:31:42', '2121-07-08 18:31:42'),
	('6e9d264f5b029560912a32319aa24130ee7ac03d7df8c9b9a77d284d69d9a47658ca992914b55718', 1, 4, 'personal', '[]', 0, '2021-04-17 20:54:32', '2021-04-17 20:54:32', '2121-04-17 20:54:30'),
	('6eac512e2429e91dae9045fc17a6fdbf4f3c69632a76a5abfd861438f2407d2d45774d4dceb84e0a', 87, 4, 'personal', '[]', 0, '2021-07-31 21:03:28', '2021-07-31 21:03:28', '2121-07-31 21:03:28'),
	('70b22cca2ea34d2deec082a6ea71d1911c0a7f968402542a8c6ef8b8a5ec959f4459f882a4cf209d', 27, 4, 'personal', '[]', 0, '2021-06-29 20:15:41', '2021-06-29 20:15:41', '2121-06-29 20:15:41'),
	('71846b02a909287d9126a8f8f157c2c703a7ca5c312466634ed55a62cbfff7c827073b8029360cf8', 55, 4, 'personal', '[]', 0, '2021-07-31 10:19:07', '2021-07-31 10:19:07', '2121-07-31 10:19:07'),
	('71f619ac34417a20a981c8309e11c3e1668e00141bade264f166188a20940016cd17af4706758c18', 83, 4, 'personal', '[]', 0, '2021-07-28 03:10:09', '2021-07-28 03:10:09', '2121-07-28 03:10:09'),
	('721d5a5e7a71a36a44268e8f4c8541c964b7722d772baa0debf19bfe9238c9e43b0d5582b0220b62', 27, 4, 'personal', '[]', 0, '2021-06-28 20:12:22', '2021-06-28 20:12:22', '2121-06-28 20:12:22'),
	('72ab40d03035a601759ab9084f3b846d9e2a591a419902e6e1284d7871d7300bb91c09d1bf1db52c', 54, 4, 'personal', '[]', 0, '2021-07-14 05:15:03', '2021-07-14 05:15:03', '2121-07-14 05:15:03'),
	('72e662b3a1d529cc7d64bac7b4d57ba455f66cead458c509d5592a5a8358a9141ace27191d0717b7', 1, 4, 'personal', '[]', 0, '2021-10-17 16:16:03', '2021-10-17 16:16:03', '2121-10-17 16:16:01'),
	('7371198eaedba0241fa415ada76233f8f1d253175abdcb30826019db37c306e84bfad9f7168a8ce9', 128, 4, 'personal', '[]', 0, '2021-08-09 00:53:52', '2021-08-09 00:53:52', '2121-08-09 00:53:51'),
	('75bfd19b603a03edb11c07479b0a8b367771d0361271f5c5ea8d825f78da6d838d30242b645de095', 87, 4, 'personal', '[]', 0, '2021-07-29 16:12:03', '2021-07-29 16:12:03', '2121-07-29 16:12:03'),
	('7637e76e16e47bbab2efb4ae984c70b994db32797a4c1a3ff52e88650a535bb16d7d1bf2df43b02a', 55, 4, 'personal', '[]', 0, '2021-07-26 02:20:13', '2021-07-26 02:20:13', '2121-07-26 02:20:13'),
	('76f92a42ab36ba659e91fe2b33f4cdcec1850bf976fedc86a38c8d7df78718c8fb292393df70515a', 2, 4, 'personal', '[]', 0, '2021-07-15 16:04:12', '2021-07-15 16:04:12', '2121-07-15 16:04:11'),
	('7742d6ebe6c6c4bc707b71ed1e3121b4c2bd2ed9ec1328f898a22114fcea9f476c66bb7319860ec0', 59, 4, 'personal', '[]', 0, '2021-08-12 19:14:24', '2021-08-12 19:14:24', '2121-08-12 19:14:24'),
	('774c7c86da8f98db1f0e54d00b05835a3fa5ce125bd65149ac76838cbdd88557058f06ab53e6dd19', 2, 4, 'personal', '[]', 0, '2021-07-07 05:37:24', '2021-07-07 05:37:24', '2121-07-07 05:37:15'),
	('7765e2ddedee983a516f3fe452f1c3b8abee61ed6d9f31ec41c1f0783968c092e68dc66e8af3cc7d', 45, 4, 'personal', '[]', 0, '2021-07-04 16:25:34', '2021-07-04 16:25:34', '2121-07-04 16:25:34'),
	('78558e8ecc35c39e058a251aa5bb83dea075a408c7662cfb0f8adacf05240a72b1931e4428940471', 2, 4, 'personal', '[]', 0, '2021-07-08 21:32:58', '2021-07-08 21:32:58', '2121-07-08 21:32:58'),
	('79a542641187d800f085ad618e3b95fbae7a950f1880651ec2051d840d7402469d5cdca41d2953e7', 45, 4, 'personal', '[]', 0, '2021-07-08 08:57:12', '2021-07-08 08:57:12', '2121-07-08 08:57:12'),
	('79cac612fb426a3a76051985400c2dc294beb6cea17120304f59ea47dcce806a33e3debe919ed145', 27, 4, 'personal', '[]', 0, '2021-06-29 20:24:22', '2021-06-29 20:24:22', '2121-06-29 20:24:21'),
	('79dc11048f0929e2b08e04ede4ec1f836bfc3fd0f53aec8ac632df8e4677306652d2403e20f4fe64', 27, 4, 'personal', '[]', 0, '2021-06-28 21:42:06', '2021-06-28 21:42:06', '2121-06-28 21:42:06'),
	('7a10689d5127f2eb044a2ef5739c297af2776c05d5cad36393a8af6150e699d332e9b92fb3feffd7', 87, 4, 'personal', '[]', 0, '2021-08-02 21:48:31', '2021-08-02 21:48:31', '2121-08-02 21:48:31'),
	('7a1888783e10ba46e67386882611b8109c2f08b775e0d9a1a1ff114e72005cabd0d006e81ed09e2a', 54, 4, 'personal', '[]', 0, '2021-07-15 00:58:57', '2021-07-15 00:58:57', '2121-07-15 00:58:57'),
	('7a9d5c06d0d5d1fa8e39a61618c52d6d6c980bfe93f66b7fdd2c7d4c4dd3700c719efae191894d1f', 94, 4, 'personal', '[]', 0, '2021-07-29 16:08:29', '2021-07-29 16:08:29', '2121-07-29 16:08:29'),
	('7b963b009a82cb51871cce34c208146afc2aa24453754d4e3ec08684bce748e75df4683d0b77de44', 1, 4, 'personal', '[]', 0, '2021-10-17 17:44:40', '2021-10-17 17:44:40', '2121-10-17 17:44:40'),
	('7bf58e8a59a21c4848ade45768669b7d12e0c9574db636277f23514d6cf25110f32efb49273f9121', 2, 4, 'personal', '[]', 0, '2021-07-09 15:06:11', '2021-07-09 15:06:11', '2121-07-09 15:06:10'),
	('7c87b8a6c9da0f6ef95a1a9918f0fffaa9e05e36f34bb8da105ec375c854c7110992f14607454ca4', 2, 4, 'personal', '[]', 0, '2021-07-15 17:35:06', '2021-07-15 17:35:06', '2121-07-15 17:35:06'),
	('7caa9ee89a3d76a08014fb7902d5b2def748c21cf537e68f90e0a2d8a3b2de82b4bace8cd798af91', 59, 4, 'personal', '[]', 0, '2021-08-10 19:14:27', '2021-08-10 19:14:27', '2121-08-10 19:14:26'),
	('7cedf2762c80d31aa6caf6b7cf385a385cdfb78e221e8445da8ff7a8b3db3bdf79716ed7af76f03d', 87, 4, 'personal', '[]', 0, '2021-08-02 22:45:41', '2021-08-02 22:45:41', '2121-08-02 22:45:41'),
	('7d2c85e700341cdce331d402d8211ee924b00edfcf34613518b5edee6dc3b772188805cd4506f52f', 59, 4, 'personal', '[]', 0, '2021-07-26 22:44:56', '2021-07-26 22:44:56', '2121-07-26 22:44:52'),
	('7d46692e87aeffd29bdb6af3a0725d84805e7f2f2d0f44325ff60267691bb3e050dab2af13af5510', 52, 4, 'personal', '[]', 0, '2021-07-25 22:08:05', '2021-07-25 22:08:05', '2121-07-25 22:08:05'),
	('7da4b30445ad6da91caee4ce92eb09d47ebbdde536ebe6ebbc59a007a09c298acaac1d25e7786ac5', 2, 4, 'personal', '[]', 0, '2021-07-08 22:08:38', '2021-07-08 22:08:38', '2121-07-08 22:08:38'),
	('7dd3181aae14220f26520a82ec4ea425bda86efe8dd03bb355c69b92794917dc752a738a20bf3719', 45, 4, 'personal', '[]', 0, '2021-07-04 23:34:35', '2021-07-04 23:34:35', '2121-07-04 23:34:34'),
	('7dfaf73a894bfd2928c630a30c3d75cf6b1eee848eca3b85cdff0a2a4360e95896b6664908009413', 1, 4, 'personal', '[]', 0, '2021-08-14 01:26:05', '2021-08-14 01:26:05', '2121-08-14 01:26:05'),
	('7f87050aabe3ef2e988a5fefde45affc6ff3f82e75ef625b9bb31c06739bd6554a79f5622a094695', 2, 4, 'personal', '[]', 0, '2021-07-21 15:23:25', '2021-07-21 15:23:25', '2121-07-21 15:23:24'),
	('7ffc037255aa66fffe4afab1f2badf79d22bb9f2776e6c4bac73cfd36796e25b07989f6d14440729', 55, 4, 'personal', '[]', 0, '2021-08-03 00:43:06', '2021-08-03 00:43:06', '2121-08-03 00:43:06'),
	('801e64491b373f0a8af1728e280c120ad5cce0960b7a890ffb49b63357d989265da149378f5a7276', 59, 4, 'personal', '[]', 0, '2021-07-26 22:49:23', '2021-07-26 22:49:23', '2121-07-26 22:49:22'),
	('80242349450418907c2a57fde981e3203e67480348de35e7846a64aa2a89b7f629667a1d2a81a953', 2, 4, 'personal', '[]', 0, '2021-06-21 01:05:18', '2021-06-21 01:05:18', '2121-06-21 01:05:13'),
	('811400a95b8afb72395addb5f2bc3d57a9141cb3aee424c7465e4f4ebe3e3cf6517519de149066cc', 27, 4, 'personal', '[]', 0, '2021-06-29 20:21:05', '2021-06-29 20:21:05', '2121-06-29 20:21:05'),
	('81decc5c6f7d1de8063ca45f84b96facbb5417241c4ded67b61c1a6cab1aaa104c411107cad5351b', 45, 4, 'personal', '[]', 0, '2021-07-08 08:37:36', '2021-07-08 08:37:36', '2121-07-08 08:37:36'),
	('8239fb59d33fd2be986eca40184b7dfbba9a8774808c51a36508fc0b97b4693f6c18434182d57f3d', 2, 4, 'personal', '[]', 0, '2021-06-23 17:36:13', '2021-06-23 17:36:13', '2121-06-23 17:36:07'),
	('8273d82f9217092954cda0b956de68b809a9dddaccf491e92e4eede18d84f2a8f32bf7d9918c20a4', 2, 4, 'personal', '[]', 0, '2021-06-02 04:46:21', '2021-06-02 04:46:21', '2121-06-02 04:46:21'),
	('82855fb268d3f5ecc5bb702f0308b9d91e1a6a1c78e9e189c3cf4de9b1328b13c673918462506ff4', 27, 4, 'personal', '[]', 0, '2021-06-28 21:23:33', '2021-06-28 21:23:33', '2121-06-28 21:23:33'),
	('82b1af5d2f357c67b53fbf7c1a0cefa8e07c1e82a58809922bc11a229d0725cf3c047596e9f537f1', 55, 4, 'personal', '[]', 0, '2021-08-04 20:24:19', '2021-08-04 20:24:19', '2121-08-04 20:24:19'),
	('82d8fff71bbc5d9056ef53ab7a88b6026f6e7a73c8af7427fb172678f582ed61e6e166a6e93b3db6', 55, 4, 'personal', '[]', 0, '2021-07-29 19:26:46', '2021-07-29 19:26:46', '2121-07-29 19:26:46'),
	('8315b20b81778374f3feff6b35d2f7a7aa7a629eb075bca0a287dcaa61717dae967dabf38cb49425', 59, 4, 'personal', '[]', 0, '2021-08-03 20:43:07', '2021-08-03 20:43:07', '2121-08-03 20:43:07'),
	('832107c1766e4f7f2277326357e578a645440cfd6d4211deb53d286c75f9157c899881ab7476a5d6', 95, 4, 'personal', '[]', 0, '2021-07-29 18:16:46', '2021-07-29 18:16:46', '2121-07-29 18:16:46'),
	('8381fa40abb5431494c9c40f95ea520c4d32470c59d3fbce69c091176266c7d8e1fc9c675c51506f', 2, 4, 'personal', '[]', 0, '2021-07-06 18:40:19', '2021-07-06 18:40:19', '2121-07-06 18:40:17'),
	('845ee61722aa3ecaabf446627c1095414c71d6bcc2df32dfd77d8fcd1e5922d81badeb0965908bce', 93, 4, 'personal', '[]', 0, '2021-07-29 15:48:04', '2021-07-29 15:48:04', '2121-07-29 15:48:04'),
	('84b832f8407eec696bb18005f8ae1007b2f9f26ff6f9d91179b4801a5fa3917173b914c63309b89f', 27, 4, 'personal', '[]', 0, '2021-06-28 20:06:42', '2021-06-28 20:06:42', '2121-06-28 20:06:42'),
	('84f8b96e52a90e3cbd1edf230594ae6b3a72c935a42a4aaf2ee5e7dc8fc8e02e202b76769db90681', 2, 4, 'personal', '[]', 0, '2021-06-06 20:26:16', '2021-06-06 20:26:16', '2121-06-06 20:26:16'),
	('85ded51dc35e1961f0c4e25965e8a6507c9181cfc547ae343e0afebe490f2e3c60dfb10778289747', 2, 4, 'personal', '[]', 0, '2021-06-23 17:48:12', '2021-06-23 17:48:12', '2121-06-23 17:48:12'),
	('85f970bf033f75acab062783dceaa66c99a434a9baa3708500082fb4e3909459eb535dc256ee048a', 2, 4, 'personal', '[]', 0, '2021-07-09 23:04:59', '2021-07-09 23:04:59', '2121-07-09 23:04:59'),
	('8697a34ea3d69635ebd067579e7f1a15ad4d940c20b58227fc71940c1dc65527c24a47adcb4a782e', 2, 4, 'personal', '[]', 0, '2021-06-03 08:18:26', '2021-06-03 08:18:26', '2121-06-03 08:18:26'),
	('871bc804a98feeb38fe74fb5f0ec7f8c0931c4f3cf69f2b78c82f140b2edd7229b818ab6facacd30', 45, 4, 'personal', '[]', 0, '2021-07-13 16:04:01', '2021-07-13 16:04:01', '2121-07-13 16:04:01'),
	('874e7f40014e5487743d7bb19194eceb4b03750c7fc7ea6477e552a5f586d171471552305f08d914', 2, 4, 'personal', '[]', 0, '2021-07-04 14:10:27', '2021-07-04 14:10:27', '2121-07-04 14:10:09'),
	('88409b0060328e749d63426043fae1ffc91bee03065b58ed00b6225cdcc348e0c770e52b6bb5d997', 2, 4, 'personal', '[]', 0, '2021-06-04 23:44:19', '2021-06-04 23:44:19', '2121-06-04 23:44:19'),
	('88d920fa96488f6b01797f1be8d226d1b8eea04ec3d89a23560e11d8980e01c368148134c1c96fd4', 97, 4, 'personal', '[]', 0, '2021-07-29 19:56:00', '2021-07-29 19:56:00', '2121-07-29 19:56:00'),
	('894c877943142b8982fd44465c640720665d303f8415cf95def8322d55fb8cb688208b3578656d53', 1, 4, 'personal', '[]', 0, '2021-10-17 16:37:14', '2021-10-17 16:37:14', '2121-10-17 16:37:14'),
	('8ad1ca78737eb72c76c01514173a13e3059ee22f9e30390c6066449fd10fb26bf4d9e103b0bc39db', 68, 4, 'personal', '[]', 0, '2021-07-28 21:12:51', '2021-07-28 21:12:51', '2121-07-28 21:12:51'),
	('8b0f63ea6fc73819ebd02a90aa323ef759380dd1aacbbbc73937994ef94761a5c10d8d3899da1823', 59, 4, 'personal', '[]', 0, '2021-07-29 13:57:30', '2021-07-29 13:57:30', '2121-07-29 13:57:30'),
	('8b802ac62eeb53ebb7663864309cb10e9a2695ddb5c9b347aa8d3660308b25b5798a0a38b45b536f', 48, 4, 'personal', '[]', 0, '2021-07-09 23:00:55', '2021-07-09 23:00:55', '2121-07-09 23:00:55'),
	('8c9d5d0264206fce27ba633b9e38319daff3301e09d7a91ad0680200c2815ccc9e90f4a744964548', 128, 4, 'personal', '[]', 0, '2021-08-09 18:57:13', '2021-08-09 18:57:13', '2121-08-09 18:57:13'),
	('8d26e69d865a84051738725fa7186373415abd900f67a43acc7bf0ee23df9b2da266b4a6a41aaf52', 27, 4, 'personal', '[]', 0, '2021-06-28 20:11:31', '2021-06-28 20:11:31', '2121-06-28 20:11:30'),
	('8d8df7a92050fd5eccc63cb369c01352e18429da6bdd9606586271646eb8e0d92e4a3e3bc5cc48eb', 2, 4, 'personal', '[]', 0, '2021-06-07 19:39:34', '2021-06-07 19:39:34', '2121-06-07 19:39:34'),
	('8d942ed12979c87eaefe21120f12a5d4221be00ac66745941de7232f5e013c309c97cd594e699dcc', 2, 4, 'personal', '[]', 0, '2021-06-18 01:01:55', '2021-06-18 01:01:55', '2121-06-18 01:01:55'),
	('8e34cdc1fac1c7eaaa5bdb22bc15054a049050eff2ca5fbf5a19184e9481e09c2d0ff6d5e0eabdc8', 55, 4, 'personal', '[]', 0, '2021-08-14 01:43:41', '2021-08-14 01:43:41', '2121-08-14 01:43:40'),
	('8f682a828151cdd8fb2bdee5a88153ce7154f6de1d3ee26db6a8182de75d1e1bc2921a31dd18d4fa', 59, 4, 'personal', '[]', 0, '2021-08-12 19:37:21', '2021-08-12 19:37:21', '2121-08-12 19:37:21'),
	('8fa7e55bee97627a1237834898283a0b63188fb60a7f90b0e85515d3257ea224c38dad9fd598b341', 45, 4, 'personal', '[]', 0, '2021-07-08 08:42:53', '2021-07-08 08:42:53', '2121-07-08 08:42:53'),
	('90414911c9e88dc9c34f2da5c5c87947057a4b88fabcaca576e94874a9f2dcfb6ca7415c88caebb3', 59, 4, 'personal', '[]', 0, '2021-08-04 17:36:25', '2021-08-04 17:36:25', '2121-08-04 17:36:24'),
	('90d6db63c05cda88fdb4a580352dbce7fcd443fa7b41639f58617e7dccdf4b1b68be44b6a7d661a6', 122, 4, 'personal', '[]', 0, '2021-08-05 20:06:55', '2021-08-05 20:06:55', '2121-08-05 20:06:55'),
	('9194dd22fe846250d6a3b49e18e169859ddf04e50b1e0bb1c5e576d26f4e424bf8869e4ff583c8da', 55, 4, 'personal', '[]', 0, '2021-07-29 22:51:41', '2021-07-29 22:51:41', '2121-07-29 22:51:41'),
	('91dff17e416628f96ae687267a2b6aba1e3cd59d4e5318b0b2a8328aa8091abf3dd003b806b82cda', 27, 4, 'personal', '[]', 0, '2021-06-29 20:07:56', '2021-06-29 20:07:56', '2121-06-29 20:07:56'),
	('924393cab52c664321aad777b51c0ba69ff0b9fe3c148d4eaa8c39c2e0ab9da26d9566a4d1f09ea0', 113, 4, 'personal', '[]', 0, '2021-08-03 18:18:52', '2021-08-03 18:18:52', '2121-08-03 18:18:52'),
	('935afdf7c33fa8d7d3990e2427e76d6e8a638ae6868aa7e226c4352c940055ceb327cbc787d1d1e2', 87, 4, 'personal', '[]', 0, '2021-07-29 16:55:56', '2021-07-29 16:55:56', '2121-07-29 16:55:56'),
	('93b81f8685e97edfcb810c224ffa1adabe77e7c48a4ceb49796e64ff0affd230debec88cbe789304', 60, 4, 'personal', '[]', 0, '2021-07-26 15:25:12', '2021-07-26 15:25:12', '2121-07-26 15:25:12'),
	('93c11a7a32e0df23b0ba536310d49cc2538da012df230decdeb02153cc4264901f1f23904f3d8d03', 27, 4, 'personal', '[]', 0, '2021-06-25 15:07:54', '2021-06-25 15:07:54', '2121-06-25 15:07:53'),
	('93eaa31c99e4b472030b0f8d163aea69ebae0d0def8aa7bab09ad53c98852e09cc42ed38c6c0b91d', 55, 4, 'personal', '[]', 0, '2021-07-28 14:47:07', '2021-07-28 14:47:07', '2121-07-28 14:47:07'),
	('951f445cb79a2f5f5ff0cc01b048f7c1831d53c033884e7f13a6fe60294574a002b9ec6c93457483', 59, 4, 'personal', '[]', 0, '2021-07-30 16:25:08', '2021-07-30 16:25:08', '2121-07-30 16:25:08'),
	('956dfdf6107193fe2e35765ce1452a4b1487f8fedf8d4029b14b757a6460448595b9bb4fbf5eb8eb', 2, 4, 'personal', '[]', 0, '2021-07-06 18:59:07', '2021-07-06 18:59:07', '2121-07-06 18:59:07'),
	('9691e1c1cf3d3bed7d0e3dd33dffa978fc74a96310402e492eccb4f595129074cc8a07680bcc245c', 2, 4, 'personal', '[]', 0, '2021-07-06 19:25:03', '2021-07-06 19:25:03', '2121-07-06 19:25:03'),
	('972363083a578e36d7368fb33286351fa6e7b1952cf86d94a99814ed69080d965d0f6b1b7714ce39', 84, 4, 'personal', '[]', 0, '2021-07-29 15:25:19', '2021-07-29 15:25:19', '2121-07-29 15:25:19'),
	('98018e4fe0baf5dcac6fc28b87edf202c32eead50cd86ebc7be45d22549a343120949a1ece5d8f6e', 27, 4, 'personal', '[]', 0, '2021-06-29 20:46:05', '2021-06-29 20:46:05', '2121-06-29 20:46:05'),
	('98468f87a5cbd60b3efc4f7163d195f740a6eb2b703a2236af1356fafb6d2dfd3ea5af48ac61a498', 45, 4, 'personal', '[]', 0, '2021-07-08 22:36:23', '2021-07-08 22:36:23', '2121-07-08 22:36:23'),
	('993891d2962d608f2edbf6936be50b9c3684bab593a71c0c7a62868a7a6b2e8cd44ea2ed1f0046c1', 55, 4, 'personal', '[]', 0, '2021-07-26 16:11:29', '2021-07-26 16:11:29', '2121-07-26 16:11:29'),
	('9b0d56a46bbfa4fe27a766228db2278c4fee2d914b0f6faab57489e346c09b8a6958265a06b31f34', 2, 4, 'personal', '[]', 0, '2021-07-06 19:00:30', '2021-07-06 19:00:30', '2121-07-06 19:00:30'),
	('9b8eede17eeef8a8b267a4abb273be42efb9ad2cfb117aa7d7ada9783fe32d2591ee057e973ec677', 52, 4, 'personal', '[]', 0, '2021-07-13 17:06:49', '2021-07-13 17:06:49', '2121-07-13 17:06:47'),
	('9b9868cb8b7fa93842a41f55366d927b732441e0f106e02052072caa42d56d8af4860cea84f90b60', 1, 4, 'personal', '[]', 0, '2021-04-14 17:56:06', '2021-04-14 17:56:06', '2121-04-14 17:56:06'),
	('9bc7b2a4c3701650f99e1f0b6ad30f8f848be22506fb03eac71fabe3b9bf949bc2255b05f2fe2c09', 45, 4, 'personal', '[]', 0, '2021-07-09 23:35:55', '2021-07-09 23:35:55', '2121-07-09 23:35:55'),
	('9c066d8ac16b64f6aa0894bd2072c0c62bb54bfdaf78fe84bd74cbb08669277615bbcd6bfbe76a5c', 2, 4, 'personal', '[]', 0, '2021-06-07 01:42:30', '2021-06-07 01:42:30', '2121-06-07 01:42:30'),
	('9d889e44415057b1b35fc3e09c6fa89d66fe01f8f1be5e1d3cf8bbb0b09c6fd71115214acf8e7edc', 1, 4, 'personal', '[]', 0, '2021-04-14 17:39:45', '2021-04-14 17:39:45', '2121-04-14 17:39:45'),
	('9db8a4d487ce47f636472da5089e76818afa1f1e4d0f11a1e4fbc706d545d1ec584b655d58b3af5d', 59, 4, 'personal', '[]', 0, '2021-08-02 14:33:38', '2021-08-02 14:33:38', '2121-08-02 14:33:38'),
	('9e2640a79519f8ad55590abd733cee78cf0d91b683c6be0e8902f02884e7e13d1d78345d92e41d71', 27, 4, 'personal', '[]', 0, '2021-07-15 17:38:01', '2021-07-15 17:38:01', '2121-07-15 17:38:01'),
	('9e2ca160e97566b315f1398a5c1f30e7e92181057f41240dd23a56567826dac6901039cdaadbf55b', 63, 4, 'personal', '[]', 0, '2021-07-26 20:10:34', '2021-07-26 20:10:34', '2121-07-26 20:10:34'),
	('9efe93000aa89ed77bee5535d1bdad568a9221d025224c0919b9ae1e93d5ca5a1ae506259ef9742a', 55, 4, 'personal', '[]', 0, '2021-07-26 01:37:18', '2021-07-26 01:37:18', '2121-07-26 01:37:17'),
	('9f6687752cdf5e516d2430295ebdd82750a2396d8a2bfed8919a1fa7ef2176719680e3e7b6420b0a', 45, 4, 'personal', '[]', 0, '2021-07-05 14:17:30', '2021-07-05 14:17:30', '2121-07-05 14:17:30'),
	('9f7cd849e3c41fc45b5b4444025aae1a78b1309ab21b2b2fb76d64e17fd317c9b0e4127767bd95d6', 87, 4, 'personal', '[]', 0, '2021-08-02 21:29:03', '2021-08-02 21:29:03', '2121-08-02 21:29:03'),
	('a189fe1bb5d1d2981d966b8744fb112287ddb4cac9fe07b8de8ac212d20280d5d77ef5589d6ef5ef', 1, 4, 'personal', '[]', 0, '2021-04-14 17:53:44', '2021-04-14 17:53:44', '2121-04-14 17:53:44'),
	('a1e2f1cb960b4d1262928eaf55359b68714e17c2606121cdf3e37b8f6a5953f9e0b5b43d9360bda3', 52, 4, 'personal', '[]', 0, '2021-07-13 17:07:20', '2021-07-13 17:07:20', '2121-07-13 17:07:20'),
	('a25d5586a7c1d66fb89abfed7bc8b7cdd7a8c6a32637554300f0f2873d1e6e57c2a667a5a4c668fc', 55, 4, 'personal', '[]', 0, '2021-07-26 01:37:48', '2021-07-26 01:37:48', '2121-07-26 01:37:48'),
	('a2b4eaac147f5062fca1eb61c23239b410c3ee65e3353e5ab0c204f7709daf8173da464a7907f46c', 2, 4, 'personal', '[]', 0, '2021-07-21 03:31:45', '2021-07-21 03:31:45', '2121-07-21 03:31:45'),
	('a4b7b9d91152b65bc12798d02cd724b18caf39833c7df1a2e8c3defbae15eac16baf40c84888cd41', 59, 4, 'personal', '[]', 0, '2021-08-05 22:35:31', '2021-08-05 22:35:31', '2121-08-05 22:35:31'),
	('a4d50aa0374c8aeeca7a5950bde9513983a9f3d2b006b1743729f5df04113841872dc5be7a2f2ad1', 27, 4, 'personal', '[]', 0, '2021-06-29 20:14:29', '2021-06-29 20:14:29', '2121-06-29 20:14:29'),
	('a54ca716e1aa5c72eb94a151dfffe1647f2a0c5a32eb12c5aa44a329a26fe40aea22caef80640c14', 2, 4, 'personal', '[]', 0, '2021-06-21 01:05:30', '2021-06-21 01:05:30', '2121-06-21 01:05:30'),
	('a645e2ec7b65c894dd6680bd06965816825f3a23c713a210d124673d2e579a71322fca261223c91c', 2, 4, 'personal', '[]', 0, '2021-06-06 19:04:49', '2021-06-06 19:04:49', '2121-06-06 19:04:49'),
	('a6b73c40e192993a8a5f5aa6a31ecd0ef6cd99ddc7853fb99e46a43ba27d407a0c37b385d1fd493e', 2, 4, 'personal', '[]', 0, '2021-07-13 23:26:09', '2021-07-13 23:26:09', '2121-07-13 23:26:09'),
	('a6c7a3f40551f252238ae13b1e942699f02aded2c8c2252e8c3bdb9cf9df8f3f3fa965d733287092', 2, 4, 'personal', '[]', 0, '2021-07-15 17:42:01', '2021-07-15 17:42:01', '2121-07-15 17:42:01'),
	('a73275960d1ff5ae8be3215db420b610eb8bac47b58ff17fadbb3adb48c6d73010002624be2e0ed6', 27, 4, 'personal', '[]', 0, '2021-06-29 20:58:45', '2021-06-29 20:58:45', '2121-06-29 20:58:45'),
	('a79ce0a9048f711a2b6cf5f5dbc9d1cbc9392654aadbde90809a938841783be612f88bb51ce44e34', 45, 4, 'personal', '[]', 0, '2021-07-08 18:20:16', '2021-07-08 18:20:16', '2121-07-08 18:20:15'),
	('a7aee48fd3bada6310555ccee58ddd7a93d259180f2b8262f29d9077856f012122b0c9d8003f0637', 45, 4, 'personal', '[]', 0, '2021-07-08 12:31:39', '2021-07-08 12:31:39', '2121-07-08 12:31:38'),
	('a8c7b5c008a1832a86428c702a276df9736c89e121cde7225a9ec61ffc0fb9b674aadcc6ef8ae31b', 87, 4, 'personal', '[]', 0, '2021-07-29 16:16:13', '2021-07-29 16:16:13', '2121-07-29 16:16:13'),
	('a99e3d45f1f6c5fa0317531aa241f946996cdf6f214223f9267c256c8aa7bedf51ae86794ffa7ded', 2, 4, 'personal', '[]', 0, '2021-07-06 14:51:46', '2021-07-06 14:51:46', '2121-07-06 14:51:46'),
	('aa3ee015584b1970d04c1cbd22f2d16ae0dae631f770e9504c2d38c2fe1704bf2247c7d1dc7153d5', 96, 4, 'personal', '[]', 0, '2021-07-29 19:38:45', '2021-07-29 19:38:45', '2121-07-29 19:38:45'),
	('ab97c539055a3cafeeb2d212fe03b008dc9b5dc034300fd8d5201fa76eecc0782286f5d670946956', 68, 4, 'personal', '[]', 0, '2021-08-05 23:33:26', '2021-08-05 23:33:26', '2121-08-05 23:33:26'),
	('ac31ad522282d238cc8338e7c0c5eaf4e568b592725f6eed45c28267be886f44ec7dc4840c6b9c48', 68, 4, 'personal', '[]', 0, '2021-08-05 19:45:40', '2021-08-05 19:45:40', '2121-08-05 19:45:40'),
	('accdf8a18727c7e2ff9a48af145e2655410bc82d9a07e57af0410ece848d10f5324d397b760add42', 52, 4, 'personal', '[]', 0, '2021-07-15 16:25:05', '2021-07-15 16:25:05', '2121-07-15 16:25:04'),
	('ad15efbd0f3be0af28575c9e385335ea50da0d423af66210b331caac7921cad23d20c8aa5a6164fa', 55, 4, 'personal', '[]', 0, '2021-08-05 20:02:18', '2021-08-05 20:02:18', '2121-08-05 20:02:18'),
	('ad47885c7fb79f0f00a90163b11bd262ce36473d0ceed2283941598861b14c3e2e07943b8c60a5ea', 2, 4, 'personal', '[]', 0, '2021-06-07 21:57:56', '2021-06-07 21:57:56', '2121-06-07 21:57:56'),
	('adf237bb78cc1b79d742dca9eaf3198e60b1f7eba5f6c544f8fb88ea2450b6f9903bc312a309baa6', 27, 4, 'personal', '[]', 0, '2021-07-09 23:21:40', '2021-07-09 23:21:40', '2121-07-09 23:21:40'),
	('adfdb4e45316d0d8e85da60badb70d935a9556b5dc78a07fd0b6fcb9cc84cba651b54cf70088d092', 52, 4, 'personal', '[]', 0, '2021-07-15 16:07:50', '2021-07-15 16:07:50', '2121-07-15 16:07:50'),
	('aeba071c03c8e4d42b1253ccc7970a0fcc4c70120107e403bc9801730725d80cf32eb854bcbe09c0', 1, 4, 'personal', '[]', 0, '2021-04-14 17:40:25', '2021-04-14 17:40:25', '2121-04-14 17:40:25'),
	('afd7a917009d6f7d0047406f00980950d77e1e1ad9bbbeb69b59ada51049f146abb69a4d5688c0ff', 1, 4, 'personal', '[]', 0, '2021-05-08 18:47:25', '2021-05-08 18:47:25', '2121-05-08 18:47:24'),
	('b01dd9914847d5e12dc7c2ee45db65ee491582ffb079ff91c3ee8d77951168c43577313e34c13196', 2, 4, 'personal', '[]', 0, '2021-07-15 16:04:12', '2021-07-15 16:04:12', '2121-07-15 16:04:05'),
	('b0ba910c60b3014c1a540d78e64fd9b96ac1de7cf2b1a239d670149964e71342fd8bf985bd4037bd', 2, 4, 'personal', '[]', 0, '2021-06-03 06:25:50', '2021-06-03 06:25:50', '2121-06-03 06:25:50'),
	('b18ec8233e5c7a2c90c35da58d5a21b37d2c753da5cd6736f89a9a86115b05b3defd69fd7907d521', 2, 4, 'personal', '[]', 0, '2021-06-08 04:02:18', '2021-06-08 04:02:18', '2121-06-08 04:02:18'),
	('b3349fab3ef9a781076c96d391e821458acb4e05bfa551920a4eb1de4d161907c2eb6fb3b20320fd', 68, 4, 'personal', '[]', 0, '2021-08-05 19:59:16', '2021-08-05 19:59:16', '2121-08-05 19:59:16'),
	('b4182be1c73cb97209271c4b7633b1a2819cb2148a81f7fe1c59bd4e7b789f7e56536fc2ed633d16', 84, 4, 'personal', '[]', 0, '2021-07-28 15:28:45', '2021-07-28 15:28:45', '2121-07-28 15:28:45'),
	('b4f020e7d9004e6e9f98d9a142a804f19971bbdb68e42434a9f2cd86248d6399a2dcd52e155c0206', 55, 4, 'personal', '[]', 0, '2021-07-31 10:15:58', '2021-07-31 10:15:58', '2121-07-31 10:15:58'),
	('b512dc0b7f473b4fcb5970a0f9cc52ab17f6b4e81d494dd63cb7f66ed7ab1a2a553ca83e3ace7cc0', 2, 4, 'personal', '[]', 0, '2021-07-06 19:21:07', '2021-07-06 19:21:07', '2121-07-06 19:21:07'),
	('b5c229461bd67fffc38a591cc0a41515d6227d2608217ba1a4af74606014ada8178c3805e6401f98', 93, 4, 'personal', '[]', 0, '2021-07-30 15:09:25', '2021-07-30 15:09:25', '2121-07-30 15:09:25'),
	('b63c880ebf4bf7f36046637d60e208589ee9835759cbe6367402bc2429722289fa4ca8f5cb4ea127', 57, 4, 'personal', '[]', 0, '2021-07-28 12:38:36', '2021-07-28 12:38:36', '2121-07-28 12:38:36'),
	('b6c3be8cbce1b6d2d80a5ffd6780b64a39dd3f3c49aa53140807c7f8da99aed5e1bdab1a86dd9137', 68, 4, 'personal', '[]', 0, '2021-09-24 00:37:47', '2021-09-24 00:37:47', '2121-09-24 00:37:47'),
	('b6e77661db8ad43694fdaddec0a9b8e857d9ac026f50c2938c3ddd69b9cfd9743485026cde2efe23', 2, 4, 'personal', '[]', 0, '2021-06-17 18:57:56', '2021-06-17 18:57:56', '2121-06-17 18:57:56'),
	('b745cc69708bdae86e6f31c2aa9e27784c732e280d49167485cac247b9c764e9385eff00813a7cfa', 2, 4, 'personal', '[]', 0, '2021-07-09 23:17:26', '2021-07-09 23:17:26', '2121-07-09 23:17:26'),
	('b747a334aa5773b2e1ed45d6c7cff63494ded9e45a8bfdbae4d48a9159e565383b5abd2e205a315e', 2, 4, 'personal', '[]', 0, '2021-06-06 17:29:13', '2021-06-06 17:29:13', '2121-06-06 17:29:13'),
	('b7ee2f877a39a1ec82c64f405b44076ca950ea009901ad53a48265901eb3271ff541ca934d45cca1', 55, 4, 'personal', '[]', 0, '2021-07-28 14:58:17', '2021-07-28 14:58:17', '2121-07-28 14:58:17'),
	('b7f9280027608dfd790d108c04bafa212ac9adee884de791f18e1f50ddde964ffcc0c05ab8b36ddc', 2, 4, 'personal', '[]', 0, '2021-07-08 18:22:20', '2021-07-08 18:22:20', '2121-07-08 18:22:20'),
	('b845655440a3debc01d84b74607cfbb3a38794b077afa6ea6f5259126fa7a1522251f83f649de1d1', 1, 4, 'personal', '[]', 0, '2021-04-14 18:00:58', '2021-04-14 18:00:58', '2121-04-14 18:00:58'),
	('b968e50ea6537cd6ed0b07803a68408dc34f5d42896f16ea9cc0ffc1fa2da28fd02eb00514217263', 119, 4, 'personal', '[]', 0, '2021-08-04 22:36:16', '2021-08-04 22:36:16', '2121-08-04 22:36:16'),
	('b97c5784be21815086ddc7b2e13ede36843ecd75524131c4bff99659cc276c2c28ac8fbb6190fd37', 59, 4, 'personal', '[]', 0, '2021-07-28 17:57:53', '2021-07-28 17:57:53', '2121-07-28 17:57:53'),
	('ba8cfc00f71594f4456966f7fed67cbc08ef822db6ba7d1e11f8b3b279e5219f29a8de9ca5f9c2a3', 2, 4, 'personal', '[]', 0, '2021-07-06 19:09:57', '2021-07-06 19:09:57', '2121-07-06 19:09:57'),
	('bb2ed4e488af1cca4770729cf8d2b582bcbb7859507a13eff6cee3b055271cc78c93bae244d8d7ad', 1, 4, 'personal', '[]', 0, '2021-04-14 17:30:22', '2021-04-14 17:30:22', '2121-04-14 17:30:22'),
	('bc034e00b2e17efcaef2d050c003a9946b62c6be1f8932b360bed177c6fe454c15414b72a5424de8', 2, 4, 'personal', '[]', 0, '2021-06-02 01:51:28', '2021-06-02 01:51:28', '2121-06-02 01:51:28'),
	('bc31dacac9213717efb22410b9087a451abcbd1cc60cdc51632f8471ca80ca5f2c8495a670d83893', 2, 4, 'personal', '[]', 0, '2021-06-03 08:06:22', '2021-06-03 08:06:22', '2121-06-03 08:06:21'),
	('bd308f0322688089b44aabca2aa5f64578f8bed4ee26ba993ea417aca8ec4fec7b997b7b876bc422', 59, 4, 'personal', '[]', 0, '2021-10-01 15:13:47', '2021-10-01 15:13:47', '2121-10-01 15:13:46'),
	('bd9c33b0a8cfefef20de76e1f4ef2837e073df5ea43764c6a224c72a49483c766ced313e9c8964a3', 59, 4, 'personal', '[]', 0, '2021-07-28 21:09:49', '2021-07-28 21:09:49', '2121-07-28 21:09:49'),
	('be243742d031c22cc5c4ec7b574ec2466a0fb7642f91184e710dccb55e104437a959fac8d0c4f5f6', 1, 4, 'personal', '[]', 0, '2021-04-17 21:00:33', '2021-04-17 21:00:33', '2121-04-17 21:00:33'),
	('be7099fbff2a57a29348256fdaf7e1ad2302d2963b9155b9cdb2adf9ad03528236757f68867dd8e1', 76, 4, 'personal', '[]', 0, '2021-07-28 00:19:45', '2021-07-28 00:19:45', '2121-07-28 00:19:45'),
	('bf15e346f90d30f5517631659e09a327d6701a06d74a9526dcf0d606911efed6fcd683bf278f9f2a', 68, 4, 'personal', '[]', 0, '2021-08-05 19:44:45', '2021-08-05 19:44:45', '2121-08-05 19:44:45'),
	('bf33c3661fdb6bed9ca78e29ff102838ffb7411d8b92a422a366866adce3f7ef0d74eb7243e56b60', 45, 4, 'personal', '[]', 0, '2021-07-08 08:36:42', '2021-07-08 08:36:42', '2121-07-08 08:36:41'),
	('c11d2ffef607d3fb78a930e59800c75e6ef4925e24b3cf5e8c9ec06d95034e3ef6db18c62fa127f9', 52, 4, 'personal', '[]', 0, '2021-07-14 13:50:31', '2021-07-14 13:50:31', '2121-07-14 13:50:30'),
	('c13d56ba04a5874e019cd5cb61c3fe20bfe7fbcf15e983527e087472682aaabd2ae7a672cde1659e', 52, 4, 'personal', '[]', 0, '2021-07-25 22:52:01', '2021-07-25 22:52:01', '2121-07-25 22:52:01'),
	('c2199d2a77c4c2c60f8440754336aae134620a6b7fb2b696a4392d26f71ee82866b41b65312bc85a', 63, 4, 'personal', '[]', 0, '2021-08-28 14:17:33', '2021-08-28 14:17:33', '2121-08-28 14:17:32'),
	('c22ca7d264750bf5602a0dae93a2d5dda6440ce72a201865de7d292af72f451ce410a97873a2f7f2', 2, 4, 'personal', '[]', 0, '2021-06-02 03:13:27', '2021-06-02 03:13:27', '2121-06-02 03:13:26'),
	('c2959591ac65b9caff0565cb49e0cfed13e9cb9428d89cd021a99ee1916837ca0e200f1128722192', 60, 4, 'personal', '[]', 0, '2021-07-30 20:13:17', '2021-07-30 20:13:17', '2121-07-30 20:13:17'),
	('c35491a9dccfade7ab5a2221cff042ba700e58144117a94d5572dbe1499c32dd68bb8290bb886cf9', 1, 4, 'personal', '[]', 0, '2021-10-17 17:23:36', '2021-10-17 17:23:36', '2121-10-17 17:23:36'),
	('c3fa19526c302e9298f6d72b8206c8f882046f5b11e17844f71d408b2ee6e642a006dd1a4ac27cee', 52, 4, 'personal', '[]', 0, '2021-07-15 17:15:02', '2021-07-15 17:15:02', '2121-07-15 17:15:02'),
	('c4044fb89f83f9cfcfdde01756e6d807eccb7b09bd47b6a3d38b886e8b7b1b6a63a524fb1d4b1c3d', 2, 4, 'personal', '[]', 0, '2021-06-05 15:53:25', '2021-06-05 15:53:25', '2121-06-05 15:53:24'),
	('c4e1cfe312b8e7181c5cebb9284fee0381a6cc876998a8a2115fbcd9c07559cc8303bc8209e8c35d', 1, 4, 'personal', '[]', 0, '2021-07-26 14:16:46', '2021-07-26 14:16:46', '2121-07-26 14:16:46'),
	('c6119a016140ff7838c16e619e34c9dee7ecc975f74e11c9a8ff77d1d4f1e0d5840b2f0f1a6fcd4c', 27, 4, 'personal', '[]', 0, '2021-06-25 05:11:14', '2021-06-25 05:11:14', '2121-06-25 05:11:13'),
	('c64aea1a42971e1b6cbc7d0d410df94f7cb609b4e053c61af52ba84a05407ee4986f54f99845e69f', 52, 4, 'personal', '[]', 0, '2021-07-13 17:09:47', '2021-07-13 17:09:47', '2121-07-13 17:09:47'),
	('c7537af0f3c358d0fc368d797a893288f4e068646b391d72c4d1bbdb9c408db8c1c0b3dfe225479d', 55, 4, 'personal', '[]', 0, '2021-08-09 22:55:43', '2021-08-09 22:55:43', '2121-08-09 22:55:42'),
	('c77d9a96151b20565ec73e71b04c2ae6859f52246f86f0e56c6fb08d18b07dd99d391074e83d5176', 27, 4, 'personal', '[]', 0, '2021-07-05 14:07:17', '2021-07-05 14:07:17', '2121-07-05 14:07:15'),
	('c821f0d14d62a97922511b4345d6798ea5b91a01150c104e62775147803b057712fbfa3d22b975bb', 87, 4, 'personal', '[]', 0, '2021-08-05 22:01:38', '2021-08-05 22:01:38', '2121-08-05 22:01:37'),
	('c87ec63fb9de27afe2c2cb42cf5c31218c16cfccc05a9757347c348e3c6c696ccd3e9c996c5e3fe8', 2, 4, 'personal', '[]', 0, '2021-07-08 18:06:23', '2021-07-08 18:06:23', '2121-07-08 18:06:23'),
	('c932755ffa8679c1801378409b0fc5abde0415b61e40ece5e59eeafb9ff3616f9cf31210260d88c2', 2, 4, 'personal', '[]', 0, '2021-07-08 22:42:29', '2021-07-08 22:42:29', '2121-07-08 22:42:29'),
	('c9fb00ac6e7ac185bff511be4cec54b15ad56f637bdf04e5671cb5eae9c09762e786c1e807a91b92', 27, 4, 'personal', '[]', 0, '2021-06-28 20:11:59', '2021-06-28 20:11:59', '2121-06-28 20:11:59'),
	('c9fd785d3e2d826cd6cc50275892f6e5ff71a23dcd0cf05035989f562756af8717380088fc67b088', 49, 4, 'personal', '[]', 0, '2021-07-08 23:06:03', '2021-07-08 23:06:03', '2121-07-08 23:06:03'),
	('ca7f4e4d6ae41cdb36f0f4f98ec3bae703bf56d0e57cc47993d0379467cf5583cf9b205b4b808e16', 1, 4, 'personal', '[]', 0, '2021-06-04 21:56:19', '2021-06-04 21:56:19', '2121-06-04 21:56:19'),
	('cacd9a3175430e51d6dbd82f013032b94a844e617ec9d9b043dd3066df8a3f106261df21f55981e2', 2, 4, 'personal', '[]', 0, '2021-07-06 18:40:51', '2021-07-06 18:40:51', '2121-07-06 18:40:51'),
	('cb84be8dd135f6492a3fa0daf82807fc617fa5d131a85c527e421764ed9cabbe6b59db2a12279536', 1, 4, 'personal', '[]', 0, '2021-04-14 17:40:42', '2021-04-14 17:40:42', '2121-04-14 17:40:42'),
	('cba6c2db2bb66b3988a6e381fb1c333465706b9ec4adbb5c8c83137840d72531e67f6cb6d262b9ad', 2, 4, 'personal', '[]', 0, '2021-06-09 16:51:09', '2021-06-09 16:51:09', '2121-06-09 16:51:09'),
	('cc9ab6e80ad2d25bc92df173cf96f5cc850e8ae264a57590781561dd68acb319f5a413095499349b', 59, 4, 'personal', '[]', 0, '2021-08-07 03:50:24', '2021-08-07 03:50:24', '2121-08-07 03:50:23'),
	('ccdfd6a89b1d96d0703e64f6e073bafb5b899540a25e38fc47db56f524165357f4ef9df07942bbc2', 68, 4, 'personal', '[]', 0, '2021-07-30 01:01:38', '2021-07-30 01:01:38', '2121-07-30 01:01:37'),
	('ccf1b71e6eb256a4ccb6080e7fffee1c335548b3c7f3d979d6b0791342817f7721a3d63deca19c86', 27, 4, 'personal', '[]', 0, '2021-06-25 03:21:45', '2021-06-25 03:21:45', '2121-06-25 03:21:42'),
	('cdd55720bdacbe8925e78d0e842efb5b917203a1ebd5376259eab1149bd344ca8ae59fd2b35f55b1', 27, 4, 'personal', '[]', 0, '2021-06-28 20:12:52', '2021-06-28 20:12:52', '2121-06-28 20:12:52'),
	('ce53d678f9d417d20bf1d2e6dd2777f229b479ca8d53a357b8d02f49d21063edd7e545f10cf3888e', 2, 4, 'personal', '[]', 0, '2021-07-06 18:43:03', '2021-07-06 18:43:03', '2121-07-06 18:43:03'),
	('cf33a74bfe981165b2c17967dcca4e560d9cdf8b2d4e3c81dbce19118c15ea74d2359ee78c21e17b', 52, 4, 'personal', '[]', 0, '2021-07-13 18:48:01', '2021-07-13 18:48:01', '2121-07-13 18:48:01'),
	('d0c907110f1812adc1a03eb1f8f7f43dea38720933e7a7ace8ed3d3d6d7f1a7155e506a62a013d2a', 87, 4, 'personal', '[]', 0, '2021-07-28 19:31:40', '2021-07-28 19:31:40', '2121-07-28 19:31:40'),
	('d0ca55b1764e9c4059b0d332b5a52047ab3f0f522407c15d364f519da8839f98338442bd40146879', 45, 4, 'personal', '[]', 0, '2021-07-13 18:53:46', '2021-07-13 18:53:46', '2121-07-13 18:53:46'),
	('d123a8fbc5d7d8ec181c62260a533c4638150b984ad0d65b567a4fffb7e10ff8b899808528aba100', 2, 4, 'personal', '[]', 0, '2021-07-21 15:32:15', '2021-07-21 15:32:15', '2121-07-21 15:32:15'),
	('d16509d84f6799beef3b70ec95b6c664eb6c112a21ff295fbccd1b6be344f425b144202677bc26d1', 2, 4, 'personal', '[]', 0, '2021-06-04 18:25:58', '2021-06-04 18:25:58', '2121-06-04 18:25:57'),
	('d2a7f7b87121ccc45a0535f8c1ac8a5b75f2657d9d0bce74c51060433387fa6d8529cca8645e00a5', 2, 4, 'personal', '[]', 0, '2021-06-12 17:32:59', '2021-06-12 17:32:59', '2121-06-12 17:32:59'),
	('d2e135c65397ac9f4bf72cdfe28165950e991d004286d182011ff78030dd8c1f264d141f343c9ecd', 1, 4, 'personal', '[]', 0, '2021-04-17 20:57:48', '2021-04-17 20:57:48', '2121-04-17 20:57:47'),
	('d371b0d35014982e190c47783d1b7dd06c52a7ce7b5f6b182ed8eb9d3e364f8c6d661d4075be2589', 2, 4, 'personal', '[]', 0, '2021-07-10 16:58:09', '2021-07-10 16:58:09', '2121-07-10 16:58:09'),
	('d51380be55ef7829ff18f2207b72bb2339711af20e710fad1252851eefc22cdb24dbf9f233d277a5', 52, 4, 'personal', '[]', 0, '2021-07-14 13:59:41', '2021-07-14 13:59:41', '2121-07-14 13:59:41'),
	('d5ea9121bdfd5589fe9a772f5cbfd6a62702822a1d1036b4a9e4667691ef5598dfcadd2c17f3c8c9', 87, 4, 'personal', '[]', 0, '2021-08-05 22:01:03', '2021-08-05 22:01:03', '2121-08-05 22:01:02'),
	('d64be16930c0b6ef2b8a06b62f2b75ca9bfb76de5c7960f6a63bb5fc739ad28749c2b3cdd6c03059', 2, 4, 'personal', '[]', 0, '2021-07-08 19:30:36', '2021-07-08 19:30:36', '2121-07-08 19:30:36'),
	('d7b58b834045b0c124efa47d22c98b335b4edb09eed55bbdcc55b84185abacf0b7c82d961272cb11', 68, 4, 'personal', '[]', 0, '2021-07-28 01:14:16', '2021-07-28 01:14:16', '2121-07-28 01:14:16'),
	('d8762f927a6f3e05b9116c10ac36922f611fbb39e59c57b6f8201f19e5ee759f6d66b750c3c022f9', 97, 4, 'personal', '[]', 0, '2021-07-29 19:57:55', '2021-07-29 19:57:55', '2121-07-29 19:57:55'),
	('d9e0c3ebf02954945becf653398c8214484a8baeb72a0d4c5e791fef1f0e4c3ff5c635381daddcb1', 2, 4, 'personal', '[]', 0, '2021-06-06 19:51:16', '2021-06-06 19:51:16', '2121-06-06 19:51:16'),
	('daaba7a95de441ee5d31e5f9dad33edca584701a6ddb5841fd2e4d412dbd308e1cf374247f313f56', 59, 4, 'personal', '[]', 0, '2021-08-24 23:51:07', '2021-08-24 23:51:07', '2121-08-24 23:51:06'),
	('daca4c7282c4fde5f366fce211556a5111a2507de1105e0569ccce5b40008297072ca8300d5307f9', 52, 4, 'personal', '[]', 0, '2021-07-15 16:28:59', '2021-07-15 16:28:59', '2121-07-15 16:28:58'),
	('dc000d6cce0d79e7aab64c887416a558e6c856259a5e1fee9f582b832d65a9959047922cb28ac845', 52, 4, 'personal', '[]', 0, '2021-07-20 19:25:56', '2021-07-20 19:25:56', '2121-07-20 19:25:52'),
	('dc3cad492d404b0045590eead74cce943148a4643bb1bf668fe673bf88e24c0ee1633b070c3f89ca', 2, 4, 'personal', '[]', 0, '2021-06-07 01:36:10', '2021-06-07 01:36:10', '2121-06-07 01:36:09'),
	('dc8d56ea230f635b1efddbc4f9fc921dc43c83ee45eb47f5c67a97b51d47d8926a88ff2584283d1c', 54, 4, 'personal', '[]', 0, '2021-07-14 23:55:21', '2021-07-14 23:55:21', '2121-07-14 23:55:19'),
	('dc8d6cf0e2cc2d6641013bae3bfd643859221fc081145d2f77ff64c8f8f8a4e1bae689381e5c11f3', 38, 4, 'personal', '[]', 0, '2021-07-14 04:21:11', '2021-07-14 04:21:11', '2121-07-14 04:21:10'),
	('dcc3983a10dd6edfeac47d915105fd65b3572d76c1e942ffe77339c570dbefcc4077dea8841cd1b4', 52, 4, 'personal', '[]', 0, '2021-07-13 18:43:45', '2021-07-13 18:43:45', '2121-07-13 18:43:45'),
	('dd5cf388d5033210d28d16fde01b69ade5212a464229d475dd03999e5a4a957a2a71559fae60144e', 52, 4, 'personal', '[]', 0, '2021-07-15 20:53:28', '2021-07-15 20:53:28', '2121-07-15 20:53:27'),
	('e06373829b503e53ebf22d7972873ad94a6d387d799003eeda1a89b5419a6cac63fbe037658244c4', 2, 4, 'personal', '[]', 0, '2021-07-10 14:24:08', '2021-07-10 14:24:08', '2121-07-10 14:24:08'),
	('e07a3c9641e5bdd0045595afed6ee7869c0a7e3d53f9f01dcf664b62f3d0c1be8b7f57080b9bb92e', 45, 4, 'personal', '[]', 0, '2021-07-09 22:03:17', '2021-07-09 22:03:17', '2121-07-09 22:03:14'),
	('e13611f672cf4670648d0844a98323c436f5d7c6796006aedc3196feee8b42e0da08228566203d3d', 2, 4, 'personal', '[]', 0, '2021-06-25 15:42:34', '2021-06-25 15:42:34', '2121-06-25 15:42:34'),
	('e140923266815652bdeb3b084dc176e4ce2f6c3c734df524d1bf28722deeca0979a44373131d7127', 1, 4, 'personal', '[]', 0, '2021-10-17 17:36:41', '2021-10-17 17:36:41', '2121-10-17 17:36:41'),
	('e1a9ba3ecaeeeb5592f568617461106b11b59030bb4bf60068bb5e9a669a578cab6a39e4aa5ae547', 68, 4, 'personal', '[]', 0, '2021-07-28 11:18:54', '2021-07-28 11:18:54', '2121-07-28 11:18:53'),
	('e2a9017f9b7a278266c73f2699d5090e2a5d107ce50840f92e71359db41336684fcfa75872533ee6', 99, 4, 'personal', '[]', 0, '2021-07-29 20:36:45', '2021-07-29 20:36:45', '2121-07-29 20:36:45'),
	('e423d2658a41a21b9a2d7619741bcd49af34277f3b2d60b080fa193cb0830e1240481febce827295', 87, 4, 'personal', '[]', 0, '2021-07-31 20:50:28', '2021-07-31 20:50:28', '2121-07-31 20:50:27'),
	('e489ef3692cfc7c68d4f45abbaf4ce4566557223bad97d799e3439f527e6012db2eeb540d31e66cc', 113, 4, 'personal', '[]', 0, '2021-08-03 22:39:29', '2021-08-03 22:39:29', '2121-08-03 22:39:29'),
	('e49e6cfae8e6cd363606c3af00d19b1fe2cf5366a262f01c2e574da0d1d7ce0139adbae878b7e7e8', 54, 4, 'personal', '[]', 0, '2021-07-15 00:21:12', '2021-07-15 00:21:12', '2121-07-15 00:21:12'),
	('e5011bbe34d60697dfbe0da510ead6d6dbfc7873705141f648e01ba56f8c07e4294324032a7f3c55', 2, 4, 'personal', '[]', 0, '2021-06-17 16:14:30', '2021-06-17 16:14:30', '2121-06-17 16:14:29'),
	('e518ac669a9b78da93f77927d30ba985e2fb50419604147d25c013b8cef8b5edf7ce1b3b08349f8d', 87, 4, 'personal', '[]', 0, '2021-08-05 21:05:06', '2021-08-05 21:05:06', '2121-08-05 21:05:06'),
	('e5404dbc5516469dfafd05bc8c071406a34260b0e6fca8f3d4cf61a20ad3a52483e7baa93ec30dd5', 27, 4, 'personal', '[]', 0, '2021-07-09 17:34:23', '2021-07-09 17:34:23', '2121-07-09 17:34:22'),
	('e5bf4239580bc8ecd189fb326afa3a90ab9abdb6994d41ba02fbd794f95322bf990d7e9ac9fb1cf5', 76, 4, 'personal', '[]', 0, '2021-07-27 23:43:44', '2021-07-27 23:43:44', '2121-07-27 23:43:44'),
	('e5d664d9abe66781579a133728172ea353f553f8fdc1b48464b688df781c15cf2d8cd86e6562dec3', 2, 4, 'personal', '[]', 0, '2021-07-08 18:09:45', '2021-07-08 18:09:45', '2121-07-08 18:09:45'),
	('e62325a9c55f4b7ddbf3cc1fa460d7d1526fea3efee527d485cfd149b31637de5c535f2b424e06f1', 2, 4, 'personal', '[]', 0, '2021-07-25 08:58:24', '2021-07-25 08:58:24', '2121-07-25 08:58:22'),
	('e6feb19f18aa331d3dbeb7f033775f0e1a45d29c8452a2a103edc05de752a9c9949aebdf8b5b2967', 1, 4, 'personal', '[]', 0, '2021-04-14 17:50:25', '2021-04-14 17:50:25', '2121-04-14 17:50:25'),
	('e7d3b063c6592590f553dbbe59bf4c6dccb10b3039d7440e1a3dbbb3eb6e04eb046649c4c83c3d4f', 87, 4, 'personal', '[]', 0, '2021-07-29 15:46:20', '2021-07-29 15:46:20', '2121-07-29 15:46:19'),
	('e7d8441cc5123732706c0a9cecba894e97a14c1d05f03d4e0c1f5f206e63e90e5f755f21e816029c', 27, 4, 'personal', '[]', 0, '2021-07-05 18:15:57', '2021-07-05 18:15:57', '2121-07-05 18:15:55'),
	('e831f97198f65d47ed1f9dfd7bc28b50a8c9b2d075ad45251d7f3e8776d0071f851854f61fd63b61', 55, 4, 'personal', '[]', 0, '2021-07-29 08:24:28', '2021-07-29 08:24:28', '2121-07-29 08:24:28'),
	('e951305307544f6112e27db9950438083ba0485563ceb1c49ea61ee5841bb1511505c2593d4c671f', 1, 4, 'personal', '[]', 0, '2021-10-18 04:32:27', '2021-10-18 04:32:27', '2121-10-18 04:32:27'),
	('e9dcfe9a548613a5bffbc200b1c05163d932ab0897a32db5c3c98210aa16f69e99ae45116df44a09', 45, 4, 'personal', '[]', 0, '2021-07-08 09:03:52', '2021-07-08 09:03:52', '2121-07-08 09:03:52'),
	('eb492e41de3e8b0998ddcc98ddbe3792f4b3d6d2ea42ff52dd699465439a9aa9306a945f3cd33e1a', 27, 4, 'personal', '[]', 0, '2021-07-09 16:42:46', '2021-07-09 16:42:46', '2121-07-09 16:42:42'),
	('eba9eed91a4221be4a2ae4d8c07c4e822c13bc5250d3b9a4eab2c2bc82c7481dee04ee3104761d76', 95, 4, 'personal', '[]', 0, '2021-07-29 16:25:33', '2021-07-29 16:25:33', '2121-07-29 16:25:33'),
	('ebfa32b3e5356e8745f25818b0ebc34872923e23157eb1f0612be4fb3236a4909e586c3a74e337df', 52, 4, 'personal', '[]', 0, '2021-07-15 17:06:52', '2021-07-15 17:06:52', '2121-07-15 17:06:52'),
	('ec905b87a7a8b9ab21a0b94220e24f1c8d00d5b4435432d2f8651158040fd266904f0cb791a2655d', 59, 4, 'personal', '[]', 0, '2021-07-27 13:23:41', '2021-07-27 13:23:41', '2121-07-27 13:23:41'),
	('ed7eedeb7adff157f1c05b79ffdd38135885fbdf22be0fbb93903ec2053a6c202c22598caf278fd1', 2, 4, 'personal', '[]', 0, '2021-07-06 20:52:44', '2021-07-06 20:52:44', '2121-07-06 20:52:44'),
	('ee34abbb9403f31bacab0b54d2d07ffc0a110562e11967b189b84fbd3b637559054eebcbd2ed5975', 2, 4, 'personal', '[]', 0, '2021-06-22 15:37:00', '2021-06-22 15:37:00', '2121-06-22 15:37:00'),
	('ee88b21865370b5d9d29bc99a53cd08bc5275a89469d45e1f7bffa361f7a52e4c3441050936e98aa', 87, 4, 'personal', '[]', 0, '2021-08-05 21:39:31', '2021-08-05 21:39:31', '2121-08-05 21:39:31'),
	('ef4009ca03dad0848e3f540b223af023261054ec6b40c54a00f8788b492fff76742b0d26cbb94e61', 2, 4, 'personal', '[]', 0, '2021-06-22 14:55:58', '2021-06-22 14:55:58', '2121-06-22 14:55:58'),
	('ef41261592c64aff7d87e5bd38602828165729f01ee6a546062148023e1e6169ce2820dbb3446716', 27, 4, 'personal', '[]', 0, '2021-07-09 23:05:23', '2021-07-09 23:05:23', '2121-07-09 23:05:23'),
	('ef5a637134bf91be500ce5cc3d7fee5fc47189def1a76a26e821b3bfd1743b0b560ad7aae0e8d326', 68, 4, 'personal', '[]', 0, '2021-08-02 18:35:47', '2021-08-02 18:35:47', '2121-08-02 18:35:47'),
	('efccfb80733c83a27bca66f18f6bea2471137ac1c8a721a4af5c42f2cfa572b240fc2a678a4c069a', 101, 4, 'personal', '[]', 0, '2021-07-30 14:29:21', '2021-07-30 14:29:21', '2121-07-30 14:29:21'),
	('eff07ac194a6d4030dae5dd7f1c3617a9d7be1756870906beb99156512e81660aa6b4c91e800fb86', 27, 4, 'personal', '[]', 0, '2021-06-29 19:58:38', '2021-06-29 19:58:38', '2121-06-29 19:58:38'),
	('f00bb28bbaaee1b4b200f572f7090bd8cbb3dad8bda77114ad62d0082db7b42ad0a96ab386a4c2c9', 2, 4, 'personal', '[]', 0, '2021-07-09 01:10:34', '2021-07-09 01:10:34', '2121-07-09 01:10:32'),
	('f112b156e4f4a668202a32762282614feb78eb624dad25133c78f194574971cfeff2c6ef1eb9b754', 87, 4, 'personal', '[]', 0, '2021-07-28 19:38:04', '2021-07-28 19:38:04', '2121-07-28 19:38:04'),
	('f34a752a37eb302714d73b19a76df42a05945c5f46063bacf9629f25a35dc02a8805d1190d6b34a5', 130, 4, 'personal', '[]', 0, '2021-08-12 01:11:08', '2021-08-12 01:11:08', '2121-08-12 01:11:08'),
	('f3962eaa4803c9f6cb755c2681304dbf9968a13e79ef64bbb41bafaeb3a1050e3fec0086cbd84f76', 2, 4, 'personal', '[]', 0, '2021-07-06 15:28:09', '2021-07-06 15:28:09', '2121-07-06 15:28:09'),
	('f3dbbe72fef75a664f98b38318d6f85ae489d361b3bc0a037047cfb7ec5834bc10f51672699ae8ea', 55, 4, 'personal', '[]', 0, '2021-07-29 14:45:41', '2021-07-29 14:45:41', '2121-07-29 14:45:41'),
	('f400819d5f73b622e04d5a8ad79a10a28f3cf74b2f961cbcee32312de4458fe54e41cf0e527e16c7', 68, 4, 'personal', '[]', 0, '2021-08-05 19:42:58', '2021-08-05 19:42:58', '2121-08-05 19:42:58'),
	('f474e0a96c062beee05bec49a0980aaaa76c7a0c7ccfcd3b0e09fa53d9e46ee5c5c8a17e18de170c', 2, 4, 'personal', '[]', 0, '2021-07-06 19:02:29', '2021-07-06 19:02:29', '2121-07-06 19:02:29'),
	('f4f1b4834ab21aa4ea07e7928e1e58499f0d39dab597d9866c401837a3d698879855a0830f524cdc', 2, 4, 'personal', '[]', 0, '2021-06-17 15:21:31', '2021-06-17 15:21:31', '2121-06-17 15:21:30'),
	('f5448f28cbf0854389755f2eeb8e295c147b0d81795be472441023bf07c34d012f15781c42aad3ce', 52, 4, 'personal', '[]', 0, '2021-07-14 14:54:11', '2021-07-14 14:54:11', '2121-07-14 14:54:10'),
	('f5548cbec03f2dc8807d88bb9324324ed85007dce72dc9f0a581f9f0a7ef59895c79abe583ad3029', 2, 4, 'personal', '[]', 0, '2021-06-22 16:26:01', '2021-06-22 16:26:01', '2121-06-22 16:26:01'),
	('f56251f755c9b304bcee411c74e7d935acb233c21afae490919e44046d1e4e1ccb575f8182488f34', 45, 4, 'personal', '[]', 0, '2021-07-08 18:09:58', '2021-07-08 18:09:58', '2121-07-08 18:09:58'),
	('f590698988dccf08e40bca0ca6ed5f92c0d6f75bfaaea1a73af83e858dcc376901343b790a419b94', 2, 4, 'personal', '[]', 0, '2021-07-10 14:18:31', '2021-07-10 14:18:31', '2121-07-10 14:18:31'),
	('f66ee49767eaa67678a3c2ce695321a9a71b16ca9a3ec1c5dff41cc4ad919a5f712944991318db26', 59, 4, 'personal', '[]', 0, '2021-08-21 13:11:24', '2021-08-21 13:11:24', '2121-08-21 13:11:24'),
	('f736006fc6d5315e4cb78777b79066b12f78ecb5b96cf8a7d93a7d41f29c23defa874ab2a1be0489', 2, 4, 'personal', '[]', 0, '2021-06-07 01:29:05', '2021-06-07 01:29:05', '2121-06-07 01:29:04'),
	('f78a484f1a87ec480fb102412b23541ff7e35c6e3ceb4b513006ce568c87094fc174cecea380353b', 2, 4, 'personal', '[]', 0, '2021-07-21 02:48:54', '2021-07-21 02:48:54', '2121-07-21 02:48:54'),
	('f8be8f69ca5b5d22bac54ba3e8c064de3fa8a3fb8d2fb1f6762f6d9897db25ff3f325b4103545ef8', 128, 4, 'personal', '[]', 0, '2021-08-09 11:37:14', '2021-08-09 11:37:14', '2121-08-09 11:37:14'),
	('fa5407c88d9388a4b9da8f72963c19d377b1680ade97f3c394a45fec117f58ed5b0e0065cf56151f', 1, 4, 'personal', '[]', 0, '2021-05-08 18:57:14', '2021-05-08 18:57:14', '2121-05-08 18:57:14'),
	('fac3ee656f0ce088b86aaf1cfcacba5266dee195b4f38705706ea162d276f265c1adfd4893118493', 2, 4, 'personal', '[]', 0, '2021-07-06 18:57:03', '2021-07-06 18:57:03', '2121-07-06 18:57:02'),
	('fb00f019dbdc3bfea44b0d9d636dacc7c6937b5bea6a56eb5ec50ee07650bbda634fd81445bd2fc1', 55, 4, 'personal', '[]', 0, '2021-07-29 08:12:11', '2021-07-29 08:12:11', '2121-07-29 08:12:11'),
	('fb57a97a442914a142a5debc13d6c1796f97e22dee5fa990669409708ffcd057ab7eb8f566daf396', 59, 4, 'personal', '[]', 0, '2021-07-26 19:20:25', '2021-07-26 19:20:25', '2121-07-26 19:20:24'),
	('fcb9ba7577bde30daffc7ce5b63e7c8c8f0a0492ff8c713c3934348f8d9aec0d1168b13aef1af684', 68, 4, 'personal', '[]', 0, '2021-07-30 01:28:28', '2021-07-30 01:28:28', '2121-07-30 01:28:28'),
	('fcfb781ac7e936c8c9068e81becbf7cba086cf7461ac914956543a0ee4701f10f713acbb77780371', 45, 4, 'personal', '[]', 0, '2021-07-08 18:05:13', '2021-07-08 18:05:13', '2121-07-08 18:05:11'),
	('fd05a348091e1fbbcac47d6f6ede6973c34bb96907d2ef75d70410ac5d07116d34783225815a468a', 2, 4, 'personal', '[]', 0, '2021-06-02 04:57:42', '2021-06-02 04:57:42', '2121-06-02 04:57:42'),
	('fd9d0e34c56b635bc2c008205189271f07c0bfcc1dc609590396f00ad1a1351f49f9635564fdf5c2', 45, 4, 'personal', '[]', 0, '2021-07-08 18:28:11', '2021-07-08 18:28:11', '2121-07-08 18:28:11'),
	('fdeb685e09ed3b68dbc84e922ba4ad78493ea4668f6c187151e1c24e9b5d6ef9f867b40c08442fb7', 113, 4, 'personal', '[]', 0, '2021-08-03 21:33:36', '2021-08-03 21:33:36', '2121-08-03 21:33:36'),
	('fe0a74aac0eaa462d1f7ae828a023ae5a0593ef3f4faecb790241c41da26b243bd9d847b7debf129', 45, 4, 'personal', '[]', 0, '2021-07-08 22:24:17', '2021-07-08 22:24:17', '2121-07-08 22:24:17'),
	('fe42f7b90010b46ee404519e4026de55b6c58f724e31a851fb8bd0750aef738adcbbc7a4af4dbce7', 45, 4, 'personal', '[]', 0, '2021-07-08 18:12:47', '2021-07-08 18:12:47', '2121-07-08 18:12:47'),
	('fe89dd8c9299b601260bc83c5b9a9884b1508c2e0f5d489e02afcb196c8b2ddf23cf37c27f80029b', 87, 4, 'personal', '[]', 0, '2021-08-05 21:36:38', '2021-08-05 21:36:38', '2121-08-05 21:36:38'),
	('ff159dd339a3ef85cc295e3f1fbab4fbaf453e18bdfba0431d107b4ea2de13628e2eb3063705398f', 27, 4, 'personal', '[]', 0, '2021-06-29 19:44:08', '2021-06-29 19:44:08', '2121-06-29 19:43:56'),
	('ff220a96d28d7aad7aa57502a0ccacfdd6482279fe02febc43c925c73fa7f236cc2de683592bdd7a', 2, 4, 'personal', '[]', 0, '2021-06-08 03:49:27', '2021-06-08 03:49:27', '2121-06-08 03:49:27'),
	('ff903ee836567926bffbe8195564f8d0cc4384d1ffd5d2833ff034001911788da3a259e034c1b758', 87, 4, 'personal', '[]', 0, '2021-08-05 21:55:16', '2021-08-05 21:55:16', '2121-08-05 21:55:16');
/*!40000 ALTER TABLE `oauth_access_tokens` ENABLE KEYS */;

-- Volcando estructura para tabla aluminiobd.oauth_auth_codes
CREATE TABLE IF NOT EXISTS `oauth_auth_codes` (
  `id` varchar(100) COLLATE utf8mb4_unicode_ci NOT NULL,
  `user_id` bigint(20) unsigned NOT NULL,
  `client_id` bigint(20) unsigned NOT NULL,
  `scopes` text COLLATE utf8mb4_unicode_ci,
  `revoked` tinyint(1) NOT NULL,
  `expires_at` datetime DEFAULT NULL,
  PRIMARY KEY (`id`),
  KEY `oauth_auth_codes_user_id_index` (`user_id`)
) ENGINE=InnoDB DEFAULT CHARSET=utf8mb4 COLLATE=utf8mb4_unicode_ci;

-- Volcando datos para la tabla aluminiobd.oauth_auth_codes: ~0 rows (aproximadamente)
/*!40000 ALTER TABLE `oauth_auth_codes` DISABLE KEYS */;
/*!40000 ALTER TABLE `oauth_auth_codes` ENABLE KEYS */;

-- Volcando estructura para tabla aluminiobd.oauth_clients
CREATE TABLE IF NOT EXISTS `oauth_clients` (
  `id` bigint(20) unsigned NOT NULL AUTO_INCREMENT,
  `user_id` bigint(20) unsigned DEFAULT NULL,
  `name` varchar(255) COLLATE utf8mb4_unicode_ci NOT NULL,
  `secret` varchar(100) COLLATE utf8mb4_unicode_ci DEFAULT NULL,
  `provider` varchar(255) COLLATE utf8mb4_unicode_ci DEFAULT NULL,
  `redirect` text COLLATE utf8mb4_unicode_ci NOT NULL,
  `personal_access_client` tinyint(1) NOT NULL,
  `password_client` tinyint(1) NOT NULL,
  `revoked` tinyint(1) NOT NULL,
  `created_at` timestamp NULL DEFAULT NULL,
  `updated_at` timestamp NULL DEFAULT NULL,
  PRIMARY KEY (`id`),
  KEY `oauth_clients_user_id_index` (`user_id`)
) ENGINE=InnoDB AUTO_INCREMENT=5 DEFAULT CHARSET=utf8mb4 COLLATE=utf8mb4_unicode_ci;

-- Volcando datos para la tabla aluminiobd.oauth_clients: ~3 rows (aproximadamente)
/*!40000 ALTER TABLE `oauth_clients` DISABLE KEYS */;
INSERT INTO `oauth_clients` (`id`, `user_id`, `name`, `secret`, `provider`, `redirect`, `personal_access_client`, `password_client`, `revoked`, `created_at`, `updated_at`) VALUES
	(1, NULL, 'Laravel Personal Access Client', '1xTGA5iFhnc1y11NYu5qeR64mUnOe8P7RHCrZUOp', NULL, 'http://localhost', 1, 0, 0, '2021-04-12 23:43:09', '2021-04-12 23:43:09'),
	(2, NULL, 'Laravel Password Grant Client', '8KMLT3BB35pW3IJwS8RidmfHLIdV5p9aSANtPqId', 'users', 'http://localhost', 0, 1, 0, '2021-04-12 23:43:09', '2021-04-12 23:43:09'),
	(4, NULL, 'personal', 'hEkfn9h6VOrdUJM25tvtVCRjnJTHDedlXyFhx22J', NULL, 'http://localhost', 1, 0, 0, '2021-04-13 00:21:16', '2021-04-13 00:21:16');
/*!40000 ALTER TABLE `oauth_clients` ENABLE KEYS */;

-- Volcando estructura para tabla aluminiobd.oauth_personal_access_clients
CREATE TABLE IF NOT EXISTS `oauth_personal_access_clients` (
  `id` bigint(20) unsigned NOT NULL AUTO_INCREMENT,
  `client_id` bigint(20) unsigned NOT NULL,
  `created_at` timestamp NULL DEFAULT NULL,
  `updated_at` timestamp NULL DEFAULT NULL,
  PRIMARY KEY (`id`)
) ENGINE=InnoDB AUTO_INCREMENT=4 DEFAULT CHARSET=utf8mb4 COLLATE=utf8mb4_unicode_ci;

-- Volcando datos para la tabla aluminiobd.oauth_personal_access_clients: ~3 rows (aproximadamente)
/*!40000 ALTER TABLE `oauth_personal_access_clients` DISABLE KEYS */;
INSERT INTO `oauth_personal_access_clients` (`id`, `client_id`, `created_at`, `updated_at`) VALUES
	(1, 1, '2021-04-12 23:43:09', '2021-04-12 23:43:09'),
	(2, 3, '2021-04-13 00:20:20', '2021-04-13 00:20:20'),
	(3, 4, '2021-04-13 00:21:16', '2021-04-13 00:21:16');
/*!40000 ALTER TABLE `oauth_personal_access_clients` ENABLE KEYS */;

-- Volcando estructura para tabla aluminiobd.oauth_refresh_tokens
CREATE TABLE IF NOT EXISTS `oauth_refresh_tokens` (
  `id` varchar(100) COLLATE utf8mb4_unicode_ci NOT NULL,
  `access_token_id` varchar(100) COLLATE utf8mb4_unicode_ci NOT NULL,
  `revoked` tinyint(1) NOT NULL,
  `expires_at` datetime DEFAULT NULL,
  PRIMARY KEY (`id`),
  KEY `oauth_refresh_tokens_access_token_id_index` (`access_token_id`)
) ENGINE=InnoDB DEFAULT CHARSET=utf8mb4 COLLATE=utf8mb4_unicode_ci;

-- Volcando datos para la tabla aluminiobd.oauth_refresh_tokens: ~0 rows (aproximadamente)
/*!40000 ALTER TABLE `oauth_refresh_tokens` DISABLE KEYS */;
/*!40000 ALTER TABLE `oauth_refresh_tokens` ENABLE KEYS */;

-- Volcando estructura para tabla aluminiobd.password_resets
CREATE TABLE IF NOT EXISTS `password_resets` (
  `email` varchar(255) COLLATE utf8mb4_unicode_ci NOT NULL,
  `token` varchar(255) COLLATE utf8mb4_unicode_ci NOT NULL,
  `created_at` timestamp NULL DEFAULT NULL,
  KEY `password_resets_email_index` (`email`)
) ENGINE=InnoDB DEFAULT CHARSET=utf8mb4 COLLATE=utf8mb4_unicode_ci;

-- Volcando datos para la tabla aluminiobd.password_resets: ~0 rows (aproximadamente)
/*!40000 ALTER TABLE `password_resets` DISABLE KEYS */;
/*!40000 ALTER TABLE `password_resets` ENABLE KEYS */;

-- Volcando estructura para tabla aluminiobd.pedidos
CREATE TABLE IF NOT EXISTS `pedidos` (
  `id` bigint(20) unsigned NOT NULL AUTO_INCREMENT,
  `estado` varchar(255) COLLATE utf8mb4_unicode_ci NOT NULL,
  `file` varchar(255) COLLATE utf8mb4_unicode_ci DEFAULT NULL,
  `importadora` varchar(255) COLLATE utf8mb4_unicode_ci DEFAULT NULL,
  `descripcion` varchar(255) COLLATE utf8mb4_unicode_ci DEFAULT NULL,
  `user_id` bigint(20) unsigned NOT NULL,
  `carrito_id` bigint(20) unsigned NOT NULL,
  `deleted_at` timestamp NULL DEFAULT NULL,
  `created_at` timestamp NULL DEFAULT NULL,
  `updated_at` timestamp NULL DEFAULT NULL,
  PRIMARY KEY (`id`),
  KEY `FK_pedidos_users` (`user_id`),
  KEY `FK_pedidos_carritos` (`carrito_id`),
  CONSTRAINT `FK_pedidos_carritos` FOREIGN KEY (`carrito_id`) REFERENCES `carritos` (`id`) ON DELETE CASCADE,
  CONSTRAINT `FK_pedidos_users` FOREIGN KEY (`user_id`) REFERENCES `users` (`id`) ON DELETE CASCADE
) ENGINE=InnoDB AUTO_INCREMENT=78 DEFAULT CHARSET=utf8mb4 COLLATE=utf8mb4_unicode_ci;

-- Volcando datos para la tabla aluminiobd.pedidos: ~50 rows (aproximadamente)
/*!40000 ALTER TABLE `pedidos` DISABLE KEYS */;
INSERT INTO `pedidos` (`id`, `estado`, `file`, `importadora`, `descripcion`, `user_id`, `carrito_id`, `deleted_at`, `created_at`, `updated_at`) VALUES
	(28, 'false', '64_1627327838_cotizacion_altools.pdf', 'TODO ALUMINIO', NULL, 59, 31, NULL, '2021-07-26 19:30:38', '2021-07-26 19:30:38'),
	(29, 'true', '60_1627388930_cotizacion_altools (9).pdf', 'TEMPLEX', NULL, 59, 32, NULL, '2021-07-27 12:28:50', '2021-07-27 12:28:50'),
	(30, 'true', '60_1627419382_cotizacion_altools (1).pdf', 'TEMPLEX', NULL, 76, 34, NULL, '2021-07-27 20:56:22', '2021-07-27 20:56:22'),
	(31, 'true', '60_1627419451_cotizacion_altools (1).pdf', 'TEMPLEX', NULL, 76, 34, NULL, '2021-07-27 20:57:31', '2021-07-27 20:57:31'),
	(32, 'true', '60_1627419679_cotizacion_altools (1).pdf', 'TEMPLEX', NULL, 76, 34, NULL, '2021-07-27 21:01:19', '2021-07-27 21:01:19'),
	(33, 'false', '60_1627429423_cotizacion_altools (11).pdf', 'TEMPLEX', NULL, 59, 33, NULL, '2021-07-27 23:43:43', '2021-07-27 23:43:43'),
	(34, 'false', '60_1627435913_cotizacion_altools (12).pdf', 'TEMPLEX', NULL, 68, 35, NULL, '2021-07-28 01:31:53', '2021-07-28 01:31:53'),
	(35, 'true', NULL, 'TEMPLEX', NULL, 59, 37, NULL, '2021-07-28 12:35:20', '2021-07-28 12:35:20'),
	(36, 'true', '60_1627475755_cotizacion_altools (15).pdf', 'TEMPLEX', NULL, 59, 37, NULL, '2021-07-28 12:35:55', '2021-07-28 12:35:55'),
	(37, 'true', '60_1627475908_cotizacion_altools (15).pdf', 'TEMPLEX', NULL, 59, 36, NULL, '2021-07-28 12:38:28', '2021-07-28 12:38:28'),
	(38, 'true', '60_1627476347_cotizacion_altools (17).pdf', 'TEMPLEX', NULL, 59, 38, NULL, '2021-07-28 12:45:47', '2021-07-28 12:45:47'),
	(39, 'true', '60_1627491596_cotizacion_altools (18).pdf', 'TEMPLEX', NULL, 59, 39, NULL, '2021-07-28 16:59:56', '2021-07-28 16:59:56'),
	(40, 'true', '60_1627495178_cotizacion_altools (19).pdf', 'TEMPLEX', NULL, 59, 40, NULL, '2021-07-28 17:59:38', '2021-07-28 17:59:38'),
	(41, 'true', '60_1627502049_cotizacion_altools (20).pdf', 'TEMPLEX', NULL, 87, 42, NULL, '2021-07-28 19:54:09', '2021-07-28 19:54:09'),
	(42, 'true', '60_1627502099_cotizacion_altools (21).pdf', 'TEMPLEX', NULL, 59, 41, NULL, '2021-07-28 19:54:59', '2021-07-28 19:54:59'),
	(43, 'true', '60_1627506935_cotizacion_altools (21).pdf', 'TEMPLEX', NULL, 55, 43, NULL, '2021-07-28 21:15:35', '2021-07-28 21:15:35'),
	(44, 'true', '60_1627507038_cotizacion_altools (22).pdf', 'TEMPLEX', NULL, 59, 44, NULL, '2021-07-28 21:17:18', '2021-07-28 21:17:18'),
	(45, 'true', '60_1627507314_cotizacion_altools (24).pdf', 'TEMPLEX', NULL, 59, 44, NULL, '2021-07-28 21:21:54', '2021-07-28 21:21:54'),
	(46, 'true', '60_1627561303_cotizacion_altools (25).pdf', 'TEMPLEX', NULL, 55, 47, NULL, '2021-07-29 12:21:43', '2021-07-29 12:21:43'),
	(47, 'true', '60_1627561343_cotizacion_altools (26).pdf', 'TEMPLEX', NULL, 55, 46, NULL, '2021-07-29 12:22:23', '2021-07-29 12:22:23'),
	(48, 'true', '60_1627562509_cotizacion_altools (27).pdf', 'TEMPLEX', NULL, 87, 48, NULL, '2021-07-29 12:41:49', '2021-07-29 12:41:49'),
	(49, 'false', '60_1627566529_cotizacion_altools (2).pdf', 'TEMPLEX', NULL, 55, 49, NULL, '2021-07-29 13:48:49', '2021-07-29 13:48:49'),
	(50, 'true', '60_1627567310_cotizacion_altools (3).pdf', 'TEMPLEX', NULL, 59, 50, NULL, '2021-07-29 14:01:50', '2021-07-29 14:01:50'),
	(51, 'true', '60_1627572585_cotizacion_altools (4).pdf', 'TEMPLEX', NULL, 87, 51, NULL, '2021-07-29 15:29:45', '2021-07-29 15:29:45'),
	(52, 'true', '60_1627573825_cotizacion_altools (5).pdf', 'TEMPLEX', NULL, 59, 52, NULL, '2021-07-29 15:50:25', '2021-07-29 15:50:25'),
	(53, 'false', '60_1627577305_cotizacion_altools (6).pdf', 'TEMPLEX', NULL, 87, 53, NULL, '2021-07-29 16:48:25', '2021-07-29 16:48:25'),
	(54, 'false', '60_1627577375_cotizacion_altools (7).pdf', 'TEMPLEX', NULL, 94, 54, NULL, '2021-07-29 16:49:35', '2021-07-29 16:49:35'),
	(55, 'false', '60_1627577415_cotizacion_altools (8).pdf', 'TEMPLEX', 'No me enviaste las cantidades', 94, 54, NULL, '2021-07-29 16:50:15', '2021-07-29 16:50:15'),
	(56, 'false', '60_1627577444_cotizacion_altools (9).pdf', 'TEMPLEX', NULL, 95, 55, NULL, '2021-07-29 16:50:44', '2021-07-29 16:50:44'),
	(57, 'false', '60_1627577472_cotizacion_altools (10).pdf', 'TEMPLEX', 'No me enviaste las cantidades', 95, 55, NULL, '2021-07-29 16:51:12', '2021-07-29 16:51:12'),
	(58, 'true', '60_1627652518_cotizacion_altools (11).pdf', 'TEMPLEX', NULL, 59, 56, NULL, '2021-07-30 13:41:58', '2021-07-30 13:41:58'),
	(59, 'false', '60_1627655565_cotizacion_altools (12).pdf', 'TEMPLEX', NULL, 101, 57, NULL, '2021-07-30 14:32:45', '2021-07-30 14:32:45'),
	(60, 'true', '102_1627676413_cotizacion_altools.pdf', 'ALUCOBOL', 'cotización valida por 5 dias', 102, 59, NULL, '2021-07-30 20:20:13', '2021-07-30 20:20:13'),
	(61, 'true', '60_1627742413_cotizacion_altools (28).pdf', 'TEMPLEX', NULL, 59, 58, NULL, '2021-07-31 14:40:13', '2021-07-31 14:40:13'),
	(62, 'true', '60_1627742443_cotizacion_altools (29).pdf', 'TEMPLEX', NULL, 59, 56, NULL, '2021-07-31 14:40:43', '2021-07-31 14:40:43'),
	(63, 'false', '60_1627768175_cotizacion_altools (30).pdf', 'TEMPLEX', NULL, 87, 60, NULL, '2021-07-31 21:49:35', '2021-07-31 21:49:35'),
	(64, 'true', '60_1627768388_cotizacion_altools (31).pdf', 'TEMPLEX', 'bueno', 59, 61, NULL, '2021-07-31 21:53:08', '2021-07-31 21:53:08'),
	(65, 'true', '60_1627861146_cotizacion_altools (32).pdf', 'TEMPLEX', 'hay todo', 59, 63, NULL, '2021-08-01 23:39:06', '2021-08-01 23:39:06'),
	(66, 'true', '60_1627861239_cotizacion_altools (33).pdf', 'TEMPLEX', NULL, 87, 62, NULL, '2021-08-01 23:40:39', '2021-08-01 23:40:39'),
	(67, 'true', '60_1627939876_cotizacion_altools (34).pdf', 'TEMPLEX', NULL, 87, 65, NULL, '2021-08-02 21:31:16', '2021-08-02 21:31:16'),
	(68, 'false', '60_1627939989_cotizacion_altools (35).pdf', 'TEMPLEX', 'todo hay', 59, 64, NULL, '2021-08-02 21:33:09', '2021-08-02 21:33:09'),
	(69, 'true', '60_1627941526_cotizacion_altools (36).pdf', 'TEMPLEX', NULL, 87, 66, NULL, '2021-08-02 21:58:46', '2021-08-02 21:58:46'),
	(70, 'true', '60_1627944576_cotizacion_altools (37).pdf', 'TEMPLEX', 'positivo', 87, 67, NULL, '2021-08-02 22:49:36', '2021-08-02 22:49:36'),
	(71, 'true', '60_1628015389_cotizacion_altools (37).pdf', 'TEMPLEX', NULL, 113, 68, NULL, '2021-08-03 18:29:49', '2021-08-03 18:29:49'),
	(72, 'true', '60_1628019111_cotizacion_altools (39).pdf', 'TEMPLEX', NULL, 87, 69, NULL, '2021-08-03 19:31:52', '2021-08-03 19:31:52'),
	(73, 'true', '60_1628023081_cotizacion_altools (40).pdf', 'TEMPLEX', NULL, 87, 70, NULL, '2021-08-03 20:38:01', '2021-08-03 20:38:01'),
	(74, 'true', '60_1628025306_cotizacion_altools (41).pdf', 'TEMPLEX', NULL, 87, 71, NULL, '2021-08-03 21:15:06', '2021-08-03 21:15:06'),
	(75, 'true', '60_1628201198_cotizacion_altools (13).pdf', 'TEMPLEX', 'Hay todo', 87, 75, NULL, '2021-08-05 22:06:38', '2021-08-05 22:06:38'),
	(76, 'true', '130_1628711677_cotizacion_altools.pdf', 'TRENDY HOME', NULL, 130, 79, NULL, '2021-08-11 19:54:37', '2021-08-11 19:54:37'),
	(77, 'true', '130_1628711992_cotizacion_altools (1).pdf', 'TRENDY HOME', NULL, 59, 80, NULL, '2021-08-11 19:59:52', '2021-08-11 19:59:52');
/*!40000 ALTER TABLE `pedidos` ENABLE KEYS */;

-- Volcando estructura para tabla aluminiobd.productos
CREATE TABLE IF NOT EXISTS `productos` (
  `id` bigint(20) unsigned NOT NULL AUTO_INCREMENT,
  `nombre` varchar(255) COLLATE utf8mb4_unicode_ci NOT NULL,
  `confirmacion` enum('true','false') COLLATE utf8mb4_unicode_ci NOT NULL,
  `imagen` varchar(255) COLLATE utf8mb4_unicode_ci DEFAULT NULL,
  `precio` double(8,2) DEFAULT NULL,
  `color` varchar(255) COLLATE utf8mb4_unicode_ci DEFAULT NULL,
  `ancho` double(8,2) DEFAULT NULL,
  `codigo` varchar(255) COLLATE utf8mb4_unicode_ci DEFAULT NULL,
  `alto` double(8,2) DEFAULT NULL,
  `novedad` varchar(255) COLLATE utf8mb4_unicode_ci DEFAULT NULL,
  `puntuacion` varchar(255) COLLATE utf8mb4_unicode_ci DEFAULT NULL,
  `descripcion` varchar(255) COLLATE utf8mb4_unicode_ci DEFAULT NULL,
  `importadora` varchar(255) COLLATE utf8mb4_unicode_ci DEFAULT NULL,
  `disponibilidad` varchar(255) COLLATE utf8mb4_unicode_ci DEFAULT NULL,
  `tipo_medida` varchar(255) COLLATE utf8mb4_unicode_ci DEFAULT NULL,
  `user_id` bigint(20) unsigned NOT NULL,
  `categorias_id` bigint(20) unsigned NOT NULL,
  `subcategorias_id` bigint(20) unsigned NOT NULL,
  `favoritos_id` bigint(20) unsigned DEFAULT NULL,
  `deleted_at` timestamp NULL DEFAULT NULL,
  `created_at` timestamp NULL DEFAULT NULL,
  `updated_at` timestamp NULL DEFAULT NULL,
  PRIMARY KEY (`id`),
  KEY `productos_user_id_foreign` (`user_id`),
  KEY `productos_categorias_id_foreign` (`categorias_id`),
  KEY `productos_subcategorias_id_foreign` (`subcategorias_id`),
  CONSTRAINT `productos_categorias_id_foreign` FOREIGN KEY (`categorias_id`) REFERENCES `categorias` (`id`) ON DELETE CASCADE,
  CONSTRAINT `productos_subcategorias_id_foreign` FOREIGN KEY (`subcategorias_id`) REFERENCES `subcategorias` (`id`) ON DELETE CASCADE,
  CONSTRAINT `productos_user_id_foreign` FOREIGN KEY (`user_id`) REFERENCES `users` (`id`) ON DELETE CASCADE
) ENGINE=InnoDB AUTO_INCREMENT=58 DEFAULT CHARSET=utf8mb4 COLLATE=utf8mb4_unicode_ci;

-- Volcando datos para la tabla aluminiobd.productos: ~17 rows (aproximadamente)
/*!40000 ALTER TABLE `productos` DISABLE KEYS */;
INSERT INTO `productos` (`id`, `nombre`, `confirmacion`, `imagen`, `precio`, `color`, `ancho`, `codigo`, `alto`, `novedad`, `puntuacion`, `descripcion`, `importadora`, `disponibilidad`, `tipo_medida`, `user_id`, `categorias_id`, `subcategorias_id`, `favoritos_id`, `deleted_at`, `created_at`, `updated_at`) VALUES
	(41, 'Riel Superior', 'false', 'images/productoDefault.png', NULL, 'Natural, Champagne', NULL, '2001', NULL, NULL, NULL, NULL, 'TEMPLEX', 'Cochabamba', 'Selecciona...', 60, 1, 5, NULL, NULL, '2021-07-26 13:52:43', '2021-07-26 13:52:43'),
	(42, 'Riel Inferior', 'false', 'images/productoDefault.png', NULL, 'Natural, Champagne', NULL, '2002', NULL, NULL, NULL, NULL, 'TEMPLEX', 'Cochabamba', 'Selecciona...', 60, 1, 5, NULL, NULL, '2021-07-26 13:53:45', '2021-07-26 13:53:45'),
	(43, 'Cabezal', 'false', 'images/productoDefault.png', NULL, 'Natural, Champagne', NULL, '2004', NULL, NULL, NULL, NULL, 'TEMPLEX', 'Cochabamba', 'Selecciona...', 60, 1, 5, NULL, NULL, '2021-07-26 13:54:31', '2021-07-26 13:54:31'),
	(44, 'Zocalo', 'false', 'images/productoDefault.png', NULL, 'Natural, Champagne', NULL, '2005', NULL, NULL, NULL, NULL, 'TEMPLEX', 'La-Paz', 'Selecciona...', 60, 1, 5, NULL, NULL, '2021-07-26 13:55:08', '2021-07-26 13:55:08'),
	(45, 'Jamba', 'false', 'images/productoDefault.png', NULL, 'Natural, Champagne', NULL, '2009', NULL, NULL, NULL, NULL, 'TEMPLEX', 'La-Paz', 'Selecciona...', 60, 1, 5, NULL, NULL, '2021-07-26 13:55:47', '2021-07-26 13:55:47'),
	(46, 'Pierna', 'false', 'images/productoDefault.png', NULL, 'Natural, Champagne', NULL, '2010', NULL, NULL, NULL, NULL, 'TEMPLEX', 'Cochabamba', 'Selecciona...', 60, 1, 5, NULL, NULL, '2021-07-26 13:56:18', '2021-07-26 13:56:18'),
	(47, 'Enganche', 'false', 'images/productoDefault.png', NULL, 'Natural, Champagne', NULL, '2011', NULL, NULL, NULL, NULL, 'TEMPLEX', 'Cochabamba', 'Selecciona...', 60, 1, 5, NULL, NULL, '2021-07-26 13:56:51', '2021-07-26 13:56:51'),
	(48, 'Riel Superior', 'false', 'images/productoDefault.png', NULL, 'Natural, Champagne', NULL, '2501', NULL, NULL, NULL, NULL, 'TEMPLEX', 'Cochabamba', 'Selecciona...', 60, 1, 5, NULL, NULL, '2021-07-26 14:02:36', '2021-07-26 14:02:36'),
	(49, 'Riel Inferior', 'false', 'images/productoDefault.png', NULL, 'Natural, Champagne', NULL, '2502', NULL, NULL, NULL, NULL, 'TEMPLEX', 'Cochabamba', 'Selecciona...', 60, 1, 13, NULL, NULL, '2021-07-26 14:03:22', '2021-07-26 14:03:22'),
	(50, 'Cabezal', 'false', 'images/productoDefault.png', NULL, 'Natural, Champagne', NULL, '2504', NULL, NULL, NULL, NULL, 'TEMPLEX', 'Cochabamba', 'Selecciona...', 60, 1, 13, NULL, NULL, '2021-07-26 14:04:09', '2021-07-26 14:04:09'),
	(51, 'Zocalo', 'false', 'images/productoDefault.png', NULL, 'Natural, Champagne', NULL, '2505', NULL, NULL, NULL, NULL, 'TEMPLEX', 'Cochabamba', 'Selecciona...', 60, 1, 13, NULL, NULL, '2021-07-26 14:04:44', '2021-07-26 14:04:44'),
	(52, 'Jamba', 'false', 'images/productoDefault.png', NULL, 'Natural, Champagne', NULL, '2509', NULL, NULL, NULL, NULL, 'TEMPLEX', 'Cochabamba', 'Selecciona...', 60, 1, 13, NULL, NULL, '2021-07-26 14:05:25', '2021-07-26 14:05:25'),
	(53, 'Enganche', 'false', 'images/productoDefault.png', NULL, 'Natural, Champagne', NULL, '2507', NULL, NULL, NULL, NULL, 'TEMPLEX', 'Cochabamba', 'Selecciona...', 60, 1, 13, NULL, NULL, '2021-07-26 14:06:13', '2021-07-26 14:06:13'),
	(54, 'Pierna', 'false', 'images/productoDefault.png', NULL, 'Natural, Champagne', NULL, '2510', NULL, NULL, NULL, NULL, 'TEMPLEX', 'Cochabamba', 'Selecciona...', 60, 1, 13, NULL, NULL, '2021-07-26 14:07:44', '2021-07-26 14:07:44'),
	(55, 'riel superior', 'false', 'images/productoDefault.png', NULL, 'Natural, Titanio, Champagne, Bronce', NULL, '2001', NULL, NULL, NULL, NULL, 'TODO ALUMINIO', 'Cochabamba', 'Selecciona...', 64, 1, 5, NULL, NULL, '2021-07-26 19:19:03', '2021-07-26 19:19:03'),
	(56, 'angular  12x12x07', 'false', 'images/productoDefault.png', NULL, 'Natural, Champagne, Bronce', NULL, '600a', NULL, NULL, NULL, NULL, 'ALUCOBOL', 'Cochabamba', 'Selecciona...', 102, 1, 12, NULL, NULL, '2021-07-30 20:14:15', '2021-07-30 20:14:15'),
	(57, 'Zocalo superior', 'false', 'images/productoDefault.png', NULL, 'Natural', NULL, '1101', NULL, NULL, NULL, NULL, 'TRENDY HOME', 'Cochabamba', 'Selecciona...', 130, 2, 17, NULL, NULL, '2021-08-11 19:50:15', '2021-08-11 19:50:15');
/*!40000 ALTER TABLE `productos` ENABLE KEYS */;

-- Volcando estructura para tabla aluminiobd.subcategorias
CREATE TABLE IF NOT EXISTS `subcategorias` (
  `id` bigint(20) unsigned NOT NULL AUTO_INCREMENT,
  `nombre` varchar(255) COLLATE utf8mb4_unicode_ci NOT NULL,
  `descripcion` varchar(255) COLLATE utf8mb4_unicode_ci DEFAULT NULL,
  `categorias_id` bigint(20) unsigned NOT NULL,
  `deleted_at` timestamp NULL DEFAULT NULL,
  `created_at` timestamp NULL DEFAULT NULL,
  `updated_at` timestamp NULL DEFAULT NULL,
  PRIMARY KEY (`id`),
  KEY `subcategorias_categorias_id_foreign` (`categorias_id`),
  CONSTRAINT `subcategorias_categorias_id_foreign` FOREIGN KEY (`categorias_id`) REFERENCES `categorias` (`id`) ON DELETE CASCADE
) ENGINE=InnoDB AUTO_INCREMENT=22 DEFAULT CHARSET=utf8mb4 COLLATE=utf8mb4_unicode_ci;

-- Volcando datos para la tabla aluminiobd.subcategorias: ~15 rows (aproximadamente)
/*!40000 ALTER TABLE `subcategorias` DISABLE KEYS */;
INSERT INTO `subcategorias` (`id`, `nombre`, `descripcion`, `categorias_id`, `deleted_at`, `created_at`, `updated_at`) VALUES
	(5, 'Linea 20', NULL, 1, NULL, '2021-07-26 13:41:28', '2021-07-26 13:41:28'),
	(7, 'Linea 32', NULL, 1, NULL, '2021-07-26 13:42:11', '2021-07-26 13:42:11'),
	(8, 'Linea 42', NULL, 1, NULL, '2021-07-26 13:42:37', '2021-07-26 13:42:37'),
	(10, 'Linea 35', NULL, 1, NULL, '2021-07-26 13:43:41', '2021-07-26 13:43:41'),
	(11, 'Sistema vidrio templado', NULL, 1, NULL, '2021-07-26 13:46:47', '2021-07-26 13:46:47'),
	(12, 'Perfiles varios', NULL, 1, NULL, '2021-07-26 13:48:32', '2021-07-26 13:48:32'),
	(13, 'Linea 25', NULL, 1, NULL, '2021-07-26 13:59:42', '2021-07-26 13:59:42'),
	(14, 'Tubos rectangulares', NULL, 1, NULL, '2021-07-26 14:00:47', '2021-07-26 14:00:47'),
	(15, 'Tubos redondos', NULL, 1, NULL, '2021-07-26 14:01:10', '2021-07-26 14:01:10'),
	(16, 'Tubos cuadrados', NULL, 1, NULL, '2021-07-26 14:01:32', '2021-07-26 14:01:32'),
	(17, 'Vidrio templado', NULL, 2, NULL, '2021-08-11 13:56:00', '2021-08-11 13:56:00'),
	(18, 'Burletes', NULL, 2, NULL, '2021-08-11 13:56:42', '2021-08-11 13:56:42'),
	(19, 'Felpa', NULL, 2, NULL, '2021-08-11 13:57:00', '2021-08-11 13:57:00'),
	(20, 'Silicona', NULL, 2, NULL, '2021-08-11 13:58:06', '2021-08-11 13:58:06'),
	(21, 'Jaladores', NULL, 2, NULL, '2021-08-11 13:59:29', '2021-08-11 13:59:29');
/*!40000 ALTER TABLE `subcategorias` ENABLE KEYS */;

-- Volcando estructura para tabla aluminiobd.subscripcions
CREATE TABLE IF NOT EXISTS `subscripcions` (
  `id` bigint(20) unsigned NOT NULL AUTO_INCREMENT,
  `created_at` timestamp NULL DEFAULT NULL,
  `updated_at` timestamp NULL DEFAULT NULL,
  PRIMARY KEY (`id`)
) ENGINE=InnoDB DEFAULT CHARSET=utf8mb4 COLLATE=utf8mb4_unicode_ci;

-- Volcando datos para la tabla aluminiobd.subscripcions: ~0 rows (aproximadamente)
/*!40000 ALTER TABLE `subscripcions` DISABLE KEYS */;
/*!40000 ALTER TABLE `subscripcions` ENABLE KEYS */;

-- Volcando estructura para tabla aluminiobd.users
CREATE TABLE IF NOT EXISTS `users` (
  `id` bigint(20) unsigned NOT NULL AUTO_INCREMENT,
  `name` varchar(255) COLLATE utf8mb4_unicode_ci NOT NULL,
  `apellido` varchar(255) COLLATE utf8mb4_unicode_ci DEFAULT NULL,
  `direccion` varchar(255) COLLATE utf8mb4_unicode_ci DEFAULT NULL,
  `telefono` varchar(255) COLLATE utf8mb4_unicode_ci DEFAULT NULL,
  `fecha_inicio` varchar(255) COLLATE utf8mb4_unicode_ci DEFAULT NULL,
  `fecha_fin` varchar(255) COLLATE utf8mb4_unicode_ci DEFAULT NULL,
  `pais` varchar(255) COLLATE utf8mb4_unicode_ci DEFAULT NULL,
  `ciudad` varchar(255) COLLATE utf8mb4_unicode_ci DEFAULT NULL,
  `whatsapp` varchar(255) COLLATE utf8mb4_unicode_ci DEFAULT NULL,
  `registrado` varchar(255) COLLATE utf8mb4_unicode_ci DEFAULT NULL,
  `nit` varchar(255) COLLATE utf8mb4_unicode_ci DEFAULT NULL,
  `email` varchar(255) COLLATE utf8mb4_unicode_ci NOT NULL,
  `subscripcion` enum('true','false') COLLATE utf8mb4_unicode_ci DEFAULT NULL,
  `imagen` varchar(255) COLLATE utf8mb4_unicode_ci DEFAULT NULL,
  `remember_token` varchar(100) COLLATE utf8mb4_unicode_ci DEFAULT NULL,
  `email_verified_at` timestamp NULL DEFAULT NULL,
  `password` varchar(255) COLLATE utf8mb4_unicode_ci NOT NULL,
  `role` enum('user','admin','empresa','vendedor') COLLATE utf8mb4_unicode_ci DEFAULT NULL,
  `deleted_at` timestamp NULL DEFAULT NULL,
  `created_at` timestamp NULL DEFAULT NULL,
  `updated_at` timestamp NULL DEFAULT NULL,
  PRIMARY KEY (`id`),
  UNIQUE KEY `users_email_unique` (`email`)
) ENGINE=InnoDB AUTO_INCREMENT=134 DEFAULT CHARSET=utf8mb4 COLLATE=utf8mb4_unicode_ci;

-- Volcando datos para la tabla aluminiobd.users: ~50 rows (aproximadamente)
/*!40000 ALTER TABLE `users` DISABLE KEYS */;
INSERT INTO `users` (`id`, `name`, `apellido`, `direccion`, `telefono`, `fecha_inicio`, `fecha_fin`, `pais`, `ciudad`, `whatsapp`, `registrado`, `nit`, `email`, `subscripcion`, `imagen`, `remember_token`, `email_verified_at`, `password`, `role`, `deleted_at`, `created_at`, `updated_at`) VALUES
	(1, 'admin', 'fernandez', 'Av.America 1684', '76964607', NULL, NULL, 'Bolivia', 'Cochabamba', NULL, NULL, NULL, 'admin@gmail.com', 'true', 'images/default-person.jpg', NULL, NULL, '$2y$10$N7DaV58m3J3lEp/9W9zEn.gvQXkwRT9CUNS0df/G3HLSrT/nRYftq', 'admin', NULL, '2021-04-08 23:11:37', '2021-04-08 23:11:37'),
	(55, 'Marco', 'Lazarte', 'Julio Cesar Valdes', '67046196', '2021-07-25', '2022-07-25', 'Bolivia', 'La Paz', NULL, 'admin', NULL, 'chaval@gmail.com', 'true', 'images/default-person.jpg', NULL, NULL, '$2y$10$pZ2tC6cPv2N8/KD5onBw5ukN2jqXDLjW7ETKqaWcEfCuN1TFoHMQy', 'vendedor', NULL, '2021-07-26 01:35:29', '2021-07-31 10:16:41'),
	(57, 'Alejandro', 'Calla', 'Calle 3 Cosmos 78', '67135787', '2021-07-27', '2022-07-27', 'Bolivia', 'La Paz', NULL, 'admin', NULL, 'alejandro@gmail.com', 'true', 'images/default-person.jpg', NULL, NULL, '$2y$10$G3QV.fhIlZHZNVdAUWO8fuXEJSAqT0lgp0dyq3BVIfdCGRCXYhzN.', 'vendedor', NULL, '2021-07-26 01:58:18', '2021-07-27 14:27:52'),
	(58, 'Oscar Domingo', 'Ortiz Arismendi', 'Calle Manuel OMS villa Alemania', '62310017', '2021-07-25', '2021-08-01', 'Bolivia', 'El Alto', '62310017', 'Marco', NULL, 'Oscar@gmail.com', 'true', 'images/default-person.jpg', NULL, NULL, '$2y$10$wnJbu.YEw8zP1mPNOD55KexV9cmuDEv7eWD96vMTkQx.aPX/8L4L6', 'user', NULL, '2021-07-26 02:33:08', '2021-07-26 02:39:26'),
	(59, 'Tomas', 'Terceros', 'C. Arturo Borda # 357 zona Hipodromo', '77535991', '2021-07-26', '2022-07-26', 'Bolivia', 'Cochabamba', NULL, 'admin', NULL, 'tomas@gmail.com', 'true', 'images/default-person.jpg', NULL, NULL, '$2y$10$EINIys16uyidzf0oVE/2v.MfyY0LQDQNg3ZTrMEZqymJyGYsjasMa', 'vendedor', NULL, '2021-07-26 13:29:17', '2021-07-26 13:30:31'),
	(60, 'TEMPLEX', NULL, 'C. Arturo Borda # 357 zona Hipodromo', '77733249', '2021-07-26', '2022-07-26', 'Bolivia', 'Cochabamba', NULL, 'Tomas', '4281804018', 'templex@gmail.com', 'true', 'images/default-person.jpg', NULL, NULL, '$2y$10$3Zh2g06avrTXA3z5YTKYHOQn0Td9HNgTICYnMwYaR8RoTXH3eQCuC', 'empresa', NULL, '2021-07-26 13:36:00', '2021-07-26 13:37:29'),
	(63, 'Edwin', 'Tarqui', 'Pata de gallo', '79598214', '2021-07-26', '2021-08-26', 'Bolivia', 'El Alto', '79598214', 'Marco', NULL, 'Edwin@gmail.com', 'true', 'images/default-person.jpg', NULL, NULL, '$2y$10$lb95d.mDYVTLRkXAU5ug4Ob3nGqw9Kp6TsYGnmnYLrAKRmJ36D0Ye', 'user', NULL, '2021-07-26 18:26:58', '2021-07-26 19:01:59'),
	(64, 'TODO ALUMINIO', NULL, 'Av. Guillermo Urquidi', '4541602', '2021-07-26', '2021-08-26', 'Bolivia', 'Cochabamba', '72708566', 'Tomas', '5185707019', 'todoa@gmail.com', 'true', 'images/default-person.jpg', NULL, NULL, '$2y$10$k.Bo2S4F16EBhzfl9k.40eE/jfPOUXY5I.B/e6BeXa9zqixfrJZlG', 'empresa', NULL, '2021-07-26 19:15:00', '2021-07-26 19:16:17'),
	(68, 'Oscar', 'Mamani', 'Tarija', '79267721', '2021-07-26', '2022-07-26', 'Bolivia', 'Tarija', NULL, 'admin', NULL, 'oscar12@gmail.com', 'true', 'images/default-person.jpg', NULL, NULL, '$2y$10$Wqs3q0wjJ2Rjm5MfOXhLTOj9RLQTseBw92khKCzFvkoChtNoXkvDm', 'vendedor', NULL, '2021-07-27 01:59:29', '2021-07-27 02:00:32'),
	(75, 'Augusto', 'Chiara', 'Cosmos 77', '75231877', '2021-07-27', '2022-07-27', 'Bolivia', 'La Paz', NULL, 'admin', NULL, 'augusto2@gmail.com', 'true', 'images/default-person.jpg', NULL, NULL, '$2y$10$.nGJ.1YODfiwdMkusiMCw.8X.aatUwzn52igfI5yojMFI/ukfEoX6', 'vendedor', NULL, '2021-07-27 14:24:35', '2021-07-27 14:25:11'),
	(76, 'Juan Carlos', 'Marcani', 'KL. 7 Cap. Uztaris', '72202426', '2021-07-27', '2022-07-27', 'Bolivia', 'Cochabamba', '72202426', 'Tomas', NULL, 'espaciovidrio@gmail.com', 'true', 'images/default-person.jpg', NULL, NULL, '$2y$10$DmKR1hXEp1sFIxndl8pOdez/BGxrCW3CyUWIjftGJNJAxCpthy1Uu', 'user', NULL, '2021-07-27 20:18:48', '2021-07-27 20:20:09'),
	(83, 'Amaya Valkiria', 'Cuestas Zenteno', 'Oruro', '70425570', '2021-07-27', '2022-07-27', 'Bolivia', 'Oruro', '70425570', 'admin', NULL, 'valkiria@gmail.com', 'true', 'images/default-person.jpg', NULL, NULL, '$2y$10$jUo6yfFHP20S185Da.WoielQVzM89CBaS23XpCNOGiGLrxQMGDEGK', 'vendedor', NULL, '2021-07-28 03:02:04', '2021-07-28 03:03:06'),
	(84, 'Matias', 'Yampara', 'Av. Bolivia', '61130052', '2021-07-28', '2021-08-28', 'Bolivia', 'El Alto', '61130052', 'Marco', NULL, 'Matias@gmail.com', 'true', 'images/default-person.jpg', NULL, NULL, '$2y$10$utbkzT5ZgswnGuPjiZxJ0.gO6fG9B6zGHYoFhEPbAhn86uiJM/z6a', 'user', NULL, '2021-07-28 15:03:25', '2021-07-28 15:04:20'),
	(85, 'Miguel Angel', 'Mamani', 'Av. Plaza de la cruz', '67322267', '2021-07-28', '2021-08-31', 'Bolivia', 'El Alto', '67322267', 'Marco', NULL, 'Miguel@gmail.com', 'true', 'images/default-person.jpg', NULL, NULL, '$2y$10$7OCiG1/NHGQr4OTBk7Wdueueri7z6nlk/3fubkHzWy0/ZIrhp4FYO', 'user', NULL, '2021-07-28 15:34:00', '2021-07-28 15:37:03'),
	(86, 'Jhon', 'Inca', 'Av. Bolivia', '70131820', '2021-07-28', '2021-08-31', 'Bolivia', 'El Alto', '70131820', 'Marco', NULL, 'Jhon@gmail.com', 'true', 'images/default-person.jpg', NULL, NULL, '$2y$10$O0FWU1cbBZy4wiGr3tPpe.vaneVpA.rcQszlX..bU5oR6lT0DsIhu', 'user', NULL, '2021-07-28 15:41:55', '2021-07-28 15:47:17'),
	(87, 'Jose', 'Vargas', 'Santa Cruz', '75974530', '2021-07-28', '2022-07-28', 'Bolivia', 'Santa Cruz', '75974530', 'admin', NULL, 'vargas@gmail.com', 'true', 'images/default-person.jpg', NULL, NULL, '$2y$10$ETmEDjfabU8zdWz6dOu17.JMvZaHaAT7tWmJmGKQogVzKLOF/3/vS', 'vendedor', NULL, '2021-07-28 19:26:55', '2021-07-28 19:27:28'),
	(91, 'Gaucho', 'Gaucho', 'Cochabamba', '65756408', '2021-07-28', '2022-07-28', 'Bolivia', 'Cochabamba', NULL, 'Tomas', NULL, 'gaucho@gmail.com', 'true', 'images/default-person.jpg', NULL, NULL, '$2y$10$Ffg1kpLR3uR357IoVbhVA.McJ3EsK3jgq./1JkgSaPG3UNsh1WNyO', 'user', NULL, '2021-07-28 23:57:58', '2021-07-28 23:58:59'),
	(92, 'Esteban', 'Aduana', 'Alto san pedro', '452862', '2021-07-29', '2021-08-31', 'Bolivia', 'Santa cruz', '75803756', 'Jose', NULL, 'Esteban@gmail.com', 'true', 'images/default-person.jpg', NULL, NULL, '$2y$10$bGrOKEJmgrQIgK/n2bev1.0bGEq2kUaykcjdNqUZq0kLzJPYebJeW', 'user', NULL, '2021-07-29 15:31:28', '2021-07-29 15:35:35'),
	(93, 'Reynaldo', 'Tinta', 'Av. Juan Pablo II', '72591329', '2021-07-29', '2021-08-31', 'Bolivia', 'El Alto', '72591329', 'Marco', NULL, 'Reynaldo@gmail.com', 'true', 'images/default-person.jpg', NULL, NULL, '$2y$10$tSV4eDrpVxItqxhj.MPWLOY8oXglgffgxBBAfP4ieFj.YOKUHGrqu', 'user', NULL, '2021-07-29 15:39:10', '2021-07-29 15:43:30'),
	(94, 'Carlos', 'Coaquira', 'Alto san pedro', '33551332', '2021-07-29', '2021-08-31', 'Bolivia', 'Santa cruz', '62072059', 'Jose', NULL, 'VidrieríaAarias@gmail.com', 'true', 'images/default-person.jpg', NULL, NULL, '$2y$10$htPjDFAYy5clJBVUPZo3wuq5uJqm25bGdmE8wH9R2Ip0fFzR3rKby', 'user', NULL, '2021-07-29 15:59:13', '2021-07-29 16:01:19'),
	(95, 'Saida sabinas', 'vargas', 'Alto san pedro', '3536809', '2021-07-29', '2021-08-31', 'Bolivia', 'Santa cruz', '70205129', 'Jose', NULL, 'Saida@gmail.com', 'true', 'images/default-person.jpg', NULL, NULL, '$2y$10$liUEf.MniaGAQbUTt55ASuFU6rZu96h1wljY4KUbWulevsJTXrgGu', 'user', NULL, '2021-07-29 16:18:40', '2021-07-29 16:20:26'),
	(96, 'Lucio', 'Huanca', 'Villa Dolores', '65587276', '2021-07-29', '2021-08-31', 'Bolivia', 'El Alto', NULL, 'Marco', NULL, 'Lucio@gmail.com', 'true', 'images/default-person.jpg', NULL, NULL, '$2y$10$XIxfPSM4sR0FcgbM2.6qIefUy86dfbdusXatbwBsa3fe07U4coMbW', 'user', NULL, '2021-07-29 19:35:37', '2021-07-29 19:37:45'),
	(97, 'Roberto', 'Pacosaca', 'Villa dolores', '77771325', '2021-07-29', '2021-08-31', 'Bolivia', 'El Alto', '77771325', 'Marco', NULL, 'Roberto@gmail.com', 'true', 'images/default-person.jpg', NULL, NULL, '$2y$10$mmOdMoCDWI.1Xfs1QakiFew1dfG1s5GJ6il0KtxVRsz0wh8Iw/aS6', 'user', NULL, '2021-07-29 19:51:56', '2021-07-29 19:53:04'),
	(98, 'Juan Carlos', 'Mamani', 'Villa Dolores', '71944670', '2021-07-29', '2021-08-31', 'Bolivia', 'El Alto', '719', 'Marco', NULL, 'Juan@gmail.com', 'true', 'images/default-person.jpg', NULL, NULL, '$2y$10$NtR0mNl6Tsm9g7pEVXqiquWgoOe4d2XDETtzlF8M8eRQK/BDb.RhK', 'user', NULL, '2021-07-29 20:14:31', '2021-07-29 20:16:16'),
	(99, 'Francisco', 'Chavez', 'Villa Dolores', '67021147', '2021-07-29', '2021-08-31', 'Bolivia', 'El Alto', NULL, 'Marco', NULL, 'Francisco@gmail.com', 'true', 'images/default-person.jpg', NULL, NULL, '$2y$10$RUrXlb6K/oDcSU9LvmIcl./kCeBQHPB5npVA0Hs0jGg.zpqcPZEvG', 'user', NULL, '2021-07-29 20:34:13', '2021-07-29 20:35:05'),
	(101, 'Cristian', 'Pinto Martines', 'Av Washington esquina Simón López', '72270883', '2021-07-30', '2022-07-30', 'Bolivia', 'Cochabamba', '72270883', 'Tomas', NULL, 'arqtech2@hotmail.com', 'true', 'images/default-person.jpg', NULL, NULL, '$2y$10$7DsXJFNxdMxel5tCiu3oseyCfnM66/RHWLVrqZyezM1UE5SknBAJa', 'user', NULL, '2021-07-30 14:27:38', '2021-07-30 14:28:45'),
	(102, 'ALUCOBOL', NULL, 'Blanco Galindo', '75003423', '2021-07-30', '2022-07-30', 'Bolivia', 'Cochabamba', '75003423', 'Tomas', '128217024', 'alugalindo@hotmail.com', 'true', 'images/default-person.jpg', NULL, NULL, '$2y$10$HzghLXz/Yc.pSCOKlsODge12N9CWqBplFOkm3MzYkp9IxYqFQYPCi', 'empresa', NULL, '2021-07-30 20:06:04', '2021-07-30 20:07:15'),
	(103, 'Richard', 'Barrientos', 'Los lotes', '3335681', '2021-07-31', '2021-08-31', 'Bolivia', 'Santa cruz', '67822499', 'Jose', NULL, 'Richard@gmail.com', 'true', 'images/default-person.jpg', NULL, NULL, '$2y$10$CrCKpTErS1B6SsfF7AunAOiyjEVW4T9daQ5nt.cpVY/HZt45FxjHm', 'user', NULL, '2021-07-31 21:11:51', '2021-07-31 21:12:45'),
	(104, 'Pedro', 'Santos', 'Nuevo palmar', '3325427', '2021-07-31', '2021-08-31', 'Bolivia', 'Santa cruz', '75365019', 'Jose', NULL, 'Pedro@gmail.com', 'true', 'images/default-person.jpg', NULL, NULL, '$2y$10$LoMPVjledrayxJGUYGYb5.rfYGrtWoCFscGr2wj2YYdMumTteqNd.', 'user', NULL, '2021-07-31 21:54:10', '2021-07-31 21:55:30'),
	(105, 'Adolfo', 'Camacho', 'Calle Ismael Montes', '72908042', '2021-08-02', '2021-09-02', 'Bolivia', 'Tarija', '72908042', 'Oscar', NULL, 'Adolfo10@gmail.com', 'true', 'images/default-person.jpg', NULL, NULL, '$2y$10$sxUXZS1dLafR3emL6xddTuwsiLdbG0AZFWRxbGqZ7tcf7DKBItqSK', 'user', NULL, '2021-08-02 21:08:33', '2021-08-02 21:24:19'),
	(109, 'Martin', 'Venegas', 'Av. Santivañes', '3337461', '2021-08-02', '2021-09-02', 'Bolivia', 'Santa cruz', '62151422', 'Jose', NULL, 'Martin@gmail.com', 'true', 'images/default-person.jpg', NULL, NULL, '$2y$10$ekogmlProQzSY75Yrobpe.p5pXxGqagdCU8e892xzGkpkViPjGdAe', 'user', NULL, '2021-08-02 21:38:03', '2021-08-02 21:40:22'),
	(110, 'Vladimir', 'Mamani', 'Calle rivas', '3376319', '2021-08-02', '2021-09-02', 'Bolivia', 'Santa Cruz', '76654578', 'Jose', NULL, 'Vladimir@gmail.com', 'true', 'images/default-person.jpg', NULL, NULL, '$2y$10$3neoEPgkSsdCRvwoAJxe6.7xArhftFfCOuwaYARoL7qBAZDt5whd6', 'user', NULL, '2021-08-02 21:46:34', '2021-08-02 21:49:28'),
	(112, 'Maicol', 'Bazn', 'Santos dumont', '3336570', '2021-08-02', '2021-09-02', 'Bolivia', 'Santa cruz', '69293022', 'Jose', NULL, 'Maicol@gmail.com', 'true', 'images/default-person.jpg', NULL, NULL, '$2y$10$8.NFBTlP2Tk5lSFdW.hEvONaB5vEWiSGLIeaDVXKvmfFCX/T.eT1u', 'user', NULL, '2021-08-02 22:55:47', '2021-08-02 22:56:02'),
	(113, 'Liber', 'Oriuela', 'Cochabamba', '74101455', '2021-08-03', '2022-08-03', 'Bolivia', 'Cochabamba', NULL, 'admin', NULL, 'liber@gmail.com', 'true', 'images/default-person.jpg', NULL, NULL, '$2y$10$YoacbzHnyonx0yUIzYY1uuc1FQ7PCsaMHW4FRk6BqwMrnbQ8cJ2DK', 'vendedor', NULL, '2021-08-03 17:39:01', '2021-08-03 17:39:33'),
	(114, 'Elias', 'Choque', 'Alto Cochabamba', '75925260', '2021-08-03', '2022-08-03', 'Bolivia', 'Cochabamba', '75925260', 'Tomas', NULL, 'chino@gmail.com', 'true', 'images/default-person.jpg', NULL, NULL, '$2y$10$LYfQirMcr/Db1xaPF0pp3.6W3VgSATkyg0iC.V/jQirD4vi8IqnnW', 'user', NULL, '2021-08-03 17:45:30', '2021-08-03 17:46:34'),
	(115, 'Alex', 'Calizaya', 'Av. Omar chavez', '0', '2021-08-03', '2021-09-03', 'Bolivia', 'Santa cruz', '69190193', 'Jose', NULL, 'Alex@gmail.com', 'true', 'images/default-person.jpg', NULL, NULL, '$2y$10$fJR5myqXSLG9bYwJ4Y6LV.8ifzoN3xtrTGYOAna/c6MBuNG10FTqy', 'user', NULL, '2021-08-03 19:35:18', '2021-08-03 19:36:42'),
	(116, 'Lindsay', 'Marca', 'Calle charcas', '0', '2021-08-03', '2021-09-03', 'Bolivia', 'Santa cruz', '71082976', 'Jose', NULL, 'Lindsay@gmail.com', 'true', 'images/default-person.jpg', NULL, NULL, '$2y$10$05MANjPj6HuYNFlAth2iS.g3DmhJiw2rhkEFP3odcwiuus.YDrz.C', 'user', NULL, '2021-08-03 20:36:43', '2021-08-03 20:40:53'),
	(117, 'Lineth', 'Roque', 'Calle charcas', '3371545', '2021-08-03', '2021-09-03', 'Bolivia', 'Santa cruz', '77032300', 'Jose', NULL, 'Sanroque@gmail.com', 'true', 'images/default-person.jpg', NULL, NULL, '$2y$10$GuNi9kA.0Snx0lKi3P.oWeFrGidQ0mggA5cNFKovkHQCi6i3CLkrO', 'user', NULL, '2021-08-03 21:23:02', '2021-08-03 21:23:39'),
	(118, 'Estefany', 'Mamani', 'Villa Dolores calle 9', '75283500', '2021-08-04', '2021-09-04', 'Bolivia', 'El Alto', NULL, 'Marco', NULL, 'Estefany@gmail.com', 'true', 'images/default-person.jpg', NULL, NULL, '$2y$10$LRHwc3qYZxyAdSjdhBw0bOTNFsJEiHoJK6SZ.mo20b.u55NRI1kpK', 'user', NULL, '2021-08-04 20:50:14', '2021-08-04 20:51:33'),
	(119, 'Arcil', 'Sandoval', '6 de agosto y chipiriri', '79959007', '2021-08-04', '2022-08-04', 'Bolivia', 'Cochabamba', '79959007', 'Tomas', NULL, 'arcil@gmail.com', 'true', 'images/default-person.jpg', NULL, NULL, '$2y$10$.cONOl7KK9vjp5ORAi/dn.r/0Y8fz/uubld3RrUKBIM4eKUoFD1py', 'user', NULL, '2021-08-04 22:34:39', '2021-08-04 22:35:40'),
	(120, 'Miguel', 'Alpire', 'Circunvalación y suipacha', '75127222', '2021-08-05', '2021-09-05', 'Bolivia', 'Tarija', '75127222', 'Oscar', NULL, 'Miguel11@gmail.com', 'true', 'images/default-person.jpg', NULL, NULL, '$2y$10$/.U4SO81AZ0wJXytQiCa6uttqbJpNEcnQpCPETmHqFsq8BrlhqBv6', 'user', NULL, '2021-08-05 19:47:08', '2021-08-05 20:05:50'),
	(121, 'Dialvid', 'Almazán Fernandes', 'Circunvalación 17 de agosto', '68696136', '2021-08-05', '2021-09-05', 'Bolivia', 'Tarija', '68696136', 'Oscar', NULL, 'Dialvid@gmail.com', 'true', 'images/default-person.jpg', NULL, NULL, '$2y$10$nV/ZJpfyOzs6W00W/o.KEOCCCTk3CPj7liaGQWLOSrVlauu1QX5Uq', 'user', NULL, '2021-08-05 19:58:44', '2021-08-05 20:07:32'),
	(122, 'Walter', 'Quiroga', 'Av. Bolivia calle H', '70104566', '2021-08-05', '2021-09-05', 'Bolivia', 'El Alto', NULL, 'Marco', NULL, 'Walter@gmail.com', 'true', 'images/default-person.jpg', NULL, NULL, '$2y$10$jX4iTf9QRJwlVEc1w6vgp.QmpT1VlepWe60TsHeJavBVT6mxKOJr6', 'user', NULL, '2021-08-05 19:59:53', '2021-08-05 20:05:31'),
	(123, 'sergio', 'mendoza', 'asd', '70349973', '2021-08-05', '2021-11-05', 'bolivia', 'cbba', '70349973', 'admin', NULL, 'smendoza@gmail.com', 'true', 'images/default-person.jpg', NULL, NULL, '$2y$10$xBAem2u2f7RZcybL1DElp.3A.QQ5X2YNAvkBsXgSJZRSwdGCzKMMK', 'user', NULL, '2021-08-05 21:44:28', '2021-08-05 21:44:51'),
	(124, 'Carlitos', 'Ledezma', 'Plan 3000', '3289201', '2021-08-05', '2021-09-05', 'Bolivia', 'Santa cruz', '72678443', 'Jose', NULL, 'Carlitos@gmail.com', 'true', 'images/default-person.jpg', NULL, NULL, '$2y$10$tMxx.9ah3czmS61a20iRWeU1ui5BHzvoNDgaUYGdhnCgIqp633SDy', 'user', NULL, '2021-08-05 22:07:44', '2021-08-05 22:09:23'),
	(125, 'Juan carlos', 'Quisbert', 'Juan valsa # 702', '79675064', '2021-08-07', '2021-09-07', 'Bolivia', 'El Alto', NULL, 'Marco', NULL, 'Juancarlos@gmail.com', 'true', 'images/default-person.jpg', NULL, NULL, '$2y$10$GwoaNQzcFh6yZU1aeq/NE.npBQEZoBHCj9i0/Wy/xBFdpyU7G55Di', 'user', NULL, '2021-08-07 20:19:29', '2021-08-07 21:52:26'),
	(128, 'Lenny', 'Barrientos', 'El Alto', '71933438', '2021-08-08', '2022-08-08', 'Bolivia', 'La Paz', '71933438', 'admin', NULL, 'lenny@gmail.com', 'true', 'images/default-person.jpg', NULL, NULL, '$2y$10$gudsDeOF6bD6DVwOtyBQkOm.OmYTrKbASEkOoJhou5D2rSCOUxS2S', 'vendedor', NULL, '2021-08-09 00:47:36', '2021-08-09 00:48:27'),
	(129, 'Nelly', 'Calamani', '16 de julio', '76765765', '2021-08-11', '2021-09-11', 'Bolivia', 'El Alto', NULL, 'Lenny', NULL, 'Melly@gmail.com', 'true', 'images/default-person.jpg', NULL, NULL, '$2y$10$OX3I84WzMfTzyAky7/Q.8u1s9M9BL63hOdERsE./c53L/mmOCAmGa', 'user', NULL, '2021-08-09 19:17:04', '2021-08-11 14:03:08'),
	(130, 'TRENDY HOME', NULL, 'Blanco Galindo km.2 # 1542', '69414703', '2021-08-11', '2022-08-11', 'Bolivia', 'Cochabamba', '69414703', 'Tomas', '2739599011', 'trendy@gmail.com', 'true', 'images/default-person.jpg', NULL, NULL, '$2y$10$hL0ymxpzlP5N6zQKMUJEVeUQ1eNq2wypvZI8aaUJwo7QuFeRID95e', 'empresa', NULL, '2021-08-11 19:44:24', '2021-08-11 19:45:32'),
	(133, 'Estefany', 'García', 'Cochabamba', '69466502', '2021-08-11', '2022-08-11', 'Bolivia', 'Cochabamba', '69466502', 'admin', NULL, 'estefany1@gmail.com', 'true', 'images/default-person.jpg', NULL, NULL, '$2y$10$iMax6F.3uKBg48kI3.30L.vMoIStP7vfhZM30BOYAdO7ypsS7RooC', 'vendedor', NULL, '2021-08-12 01:53:15', '2021-08-12 01:54:31');
/*!40000 ALTER TABLE `users` ENABLE KEYS */;

/*!40101 SET SQL_MODE=IFNULL(@OLD_SQL_MODE, '') */;
/*!40014 SET FOREIGN_KEY_CHECKS=IF(@OLD_FOREIGN_KEY_CHECKS IS NULL, 1, @OLD_FOREIGN_KEY_CHECKS) */;
/*!40101 SET CHARACTER_SET_CLIENT=@OLD_CHARACTER_SET_CLIENT */;
